k	n	primality_status	source_log
21909343	33326	COMPOSITE	unit-0001-attempt-001.stdout.log
21909357	33326	COMPOSITE	unit-0001-attempt-001.stdout.log
21909367	33326	COMPOSITE	unit-0001-attempt-001.stdout.log
21909373	33326	COMPOSITE	unit-0001-attempt-001.stdout.log
21909385	33326	COMPOSITE	unit-0001-attempt-001.stdout.log
21909387	33326	COMPOSITE	unit-0001-attempt-001.stdout.log
21909427	33326	COMPOSITE	unit-0001-attempt-001.stdout.log
21909433	33326	COMPOSITE	unit-0001-attempt-001.stdout.log
21909505	33326	COMPOSITE	unit-0001-attempt-001.stdout.log
21909517	33326	COMPOSITE	unit-0001-attempt-001.stdout.log
21909519	33326	COMPOSITE	unit-0001-attempt-001.stdout.log
21909583	33326	COMPOSITE	unit-0001-attempt-001.stdout.log
21909603	33326	COMPOSITE	unit-0001-attempt-001.stdout.log
21909607	33326	COMPOSITE	unit-0001-attempt-001.stdout.log
21909609	33326	COMPOSITE	unit-0001-attempt-001.stdout.log
21909625	33326	COMPOSITE	unit-0001-attempt-001.stdout.log
21909679	33326	COMPOSITE	unit-0001-attempt-001.stdout.log
21909693	33326	COMPOSITE	unit-0001-attempt-001.stdout.log
21909703	33326	COMPOSITE	unit-0001-attempt-001.stdout.log
21909705	33326	COMPOSITE	unit-0001-attempt-001.stdout.log
21909745	33326	COMPOSITE	unit-0001-attempt-001.stdout.log
21909769	33326	COMPOSITE	unit-0001-attempt-001.stdout.log
21909793	33326	COMPOSITE	unit-0001-attempt-001.stdout.log
21909819	33326	COMPOSITE	unit-0001-attempt-001.stdout.log
21909825	33326	COMPOSITE	unit-0001-attempt-001.stdout.log
21909849	33326	COMPOSITE	unit-0001-attempt-001.stdout.log
21909859	33326	COMPOSITE	unit-0001-attempt-001.stdout.log
21909873	33326	COMPOSITE	unit-0001-attempt-001.stdout.log
21909889	33326	COMPOSITE	unit-0001-attempt-001.stdout.log
21909897	33326	COMPOSITE	unit-0001-attempt-001.stdout.log
21909925	33326	COMPOSITE	unit-0001-attempt-001.stdout.log
21909957	33326	COMPOSITE	unit-0001-attempt-001.stdout.log
21909975	33326	COMPOSITE	unit-0001-attempt-001.stdout.log
21909979	33326	COMPOSITE	unit-0001-attempt-001.stdout.log
21909997	33326	COMPOSITE	unit-0001-attempt-001.stdout.log
21910029	33326	COMPOSITE	unit-0001-attempt-001.stdout.log
21910039	33326	COMPOSITE	unit-0001-attempt-001.stdout.log
21910045	33326	COMPOSITE	unit-0001-attempt-001.stdout.log
21910077	33326	COMPOSITE	unit-0001-attempt-001.stdout.log
21910095	33326	COMPOSITE	unit-0001-attempt-001.stdout.log
21910113	33326	COMPOSITE	unit-0001-attempt-001.stdout.log
21910143	33326	COMPOSITE	unit-0001-attempt-001.stdout.log
21910149	33326	COMPOSITE	unit-0001-attempt-001.stdout.log
21910197	33326	COMPOSITE	unit-0001-attempt-001.stdout.log
21910207	33326	COMPOSITE	unit-0001-attempt-001.stdout.log
21910209	33326	COMPOSITE	unit-0001-attempt-001.stdout.log
21910233	33326	COMPOSITE	unit-0001-attempt-001.stdout.log
21910287	33326	COMPOSITE	unit-0001-attempt-001.stdout.log
21910305	33326	COMPOSITE	unit-0001-attempt-001.stdout.log
21910309	33326	COMPOSITE	unit-0001-attempt-001.stdout.log
21910315	33326	COMPOSITE	unit-0001-attempt-001.stdout.log
21910335	33326	COMPOSITE	unit-0001-attempt-001.stdout.log
21910363	33326	COMPOSITE	unit-0001-attempt-001.stdout.log
21910387	33326	COMPOSITE	unit-0001-attempt-001.stdout.log
21910417	33326	COMPOSITE	unit-0001-attempt-001.stdout.log
21910459	33326	COMPOSITE	unit-0001-attempt-001.stdout.log
21910485	33326	COMPOSITE	unit-0001-attempt-001.stdout.log
21910513	33326	COMPOSITE	unit-0001-attempt-001.stdout.log
21910549	33326	COMPOSITE	unit-0001-attempt-001.stdout.log
21910563	33326	COMPOSITE	unit-0001-attempt-001.stdout.log
21910573	33326	COMPOSITE	unit-0001-attempt-001.stdout.log
21910575	33326	COMPOSITE	unit-0001-attempt-001.stdout.log
21910585	33326	COMPOSITE	unit-0001-attempt-001.stdout.log
21910639	33326	COMPOSITE	unit-0001-attempt-001.stdout.log
21910665	33326	COMPOSITE	unit-0001-attempt-001.stdout.log
21910725	33326	COMPOSITE	unit-0001-attempt-001.stdout.log
21910755	33326	COMPOSITE	unit-0001-attempt-001.stdout.log
21910759	33326	COMPOSITE	unit-0001-attempt-001.stdout.log
21910767	33326	COMPOSITE	unit-0001-attempt-001.stdout.log
21910777	33326	COMPOSITE	unit-0001-attempt-001.stdout.log
21910809	33326	COMPOSITE	unit-0001-attempt-001.stdout.log
21910813	33326	COMPOSITE	unit-0001-attempt-001.stdout.log
21910855	33326	COMPOSITE	unit-0001-attempt-001.stdout.log
21910885	33326	COMPOSITE	unit-0001-attempt-001.stdout.log
21910893	33326	COMPOSITE	unit-0001-attempt-001.stdout.log
21910923	33326	COMPOSITE	unit-0001-attempt-001.stdout.log
21910947	33326	COMPOSITE	unit-0001-attempt-001.stdout.log
21910959	33326	COMPOSITE	unit-0001-attempt-001.stdout.log
21910963	33326	COMPOSITE	unit-0001-attempt-001.stdout.log
21910969	33326	COMPOSITE	unit-0001-attempt-001.stdout.log
21910993	33326	COMPOSITE	unit-0001-attempt-001.stdout.log
21911019	33326	COMPOSITE	unit-0001-attempt-001.stdout.log
21911043	33326	COMPOSITE	unit-0001-attempt-001.stdout.log
21911065	33326	COMPOSITE	unit-0001-attempt-001.stdout.log
21911067	33326	COMPOSITE	unit-0001-attempt-001.stdout.log
21911077	33326	COMPOSITE	unit-0001-attempt-001.stdout.log
21911085	33326	COMPOSITE	unit-0001-attempt-001.stdout.log
21911107	33326	COMPOSITE	unit-0001-attempt-001.stdout.log
21911133	33326	COMPOSITE	unit-0001-attempt-001.stdout.log
21911173	33326	COMPOSITE	unit-0001-attempt-001.stdout.log
21911175	33326	COMPOSITE	unit-0001-attempt-001.stdout.log
21911185	33326	COMPOSITE	unit-0001-attempt-001.stdout.log
21911193	33326	COMPOSITE	unit-0001-attempt-001.stdout.log
21911197	33326	COMPOSITE	unit-0001-attempt-001.stdout.log
21911199	33326	COMPOSITE	unit-0001-attempt-001.stdout.log
21911259	33326	COMPOSITE	unit-0001-attempt-001.stdout.log
21911263	33326	COMPOSITE	unit-0001-attempt-001.stdout.log
21911289	33326	COMPOSITE	unit-0001-attempt-001.stdout.log
21911299	33326	COMPOSITE	unit-0001-attempt-001.stdout.log
21911305	33326	COMPOSITE	unit-0001-attempt-001.stdout.log
21911397	33326	COMPOSITE	unit-0002-attempt-001.stdout.log
21911403	33326	COMPOSITE	unit-0002-attempt-001.stdout.log
21911407	33326	COMPOSITE	unit-0002-attempt-001.stdout.log
21911427	33326	COMPOSITE	unit-0002-attempt-001.stdout.log
21911455	33326	COMPOSITE	unit-0002-attempt-001.stdout.log
21911473	33326	COMPOSITE	unit-0002-attempt-001.stdout.log
21911499	33326	COMPOSITE	unit-0002-attempt-001.stdout.log
21911515	33326	COMPOSITE	unit-0002-attempt-001.stdout.log
21911535	33326	COMPOSITE	unit-0002-attempt-001.stdout.log
21911563	33326	COMPOSITE	unit-0002-attempt-001.stdout.log
21911565	33326	COMPOSITE	unit-0002-attempt-001.stdout.log
21911569	33326	COMPOSITE	unit-0002-attempt-001.stdout.log
21911575	33326	COMPOSITE	unit-0002-attempt-001.stdout.log
21911613	33326	COMPOSITE	unit-0002-attempt-001.stdout.log
21911617	33326	COMPOSITE	unit-0002-attempt-001.stdout.log
21911623	33326	COMPOSITE	unit-0002-attempt-001.stdout.log
21911625	33326	COMPOSITE	unit-0002-attempt-001.stdout.log
21911667	33326	COMPOSITE	unit-0002-attempt-001.stdout.log
21911707	33326	COMPOSITE	unit-0002-attempt-001.stdout.log
21911715	33326	COMPOSITE	unit-0002-attempt-001.stdout.log
21911749	33326	COMPOSITE	unit-0002-attempt-001.stdout.log
21911767	33326	COMPOSITE	unit-0002-attempt-001.stdout.log
21911773	33326	COMPOSITE	unit-0002-attempt-001.stdout.log
21911817	33326	COMPOSITE	unit-0002-attempt-001.stdout.log
21911833	33326	COMPOSITE	unit-0002-attempt-001.stdout.log
21911883	33326	COMPOSITE	unit-0002-attempt-001.stdout.log
21911889	33326	COMPOSITE	unit-0002-attempt-001.stdout.log
21911905	33326	COMPOSITE	unit-0002-attempt-001.stdout.log
21911913	33326	COMPOSITE	unit-0002-attempt-001.stdout.log
21911917	33326	COMPOSITE	unit-0002-attempt-001.stdout.log
21911935	33326	COMPOSITE	unit-0002-attempt-001.stdout.log
21911953	33326	COMPOSITE	unit-0002-attempt-001.stdout.log
21911977	33326	COMPOSITE	unit-0002-attempt-001.stdout.log
21912019	33326	COMPOSITE	unit-0002-attempt-001.stdout.log
21912025	33326	COMPOSITE	unit-0002-attempt-001.stdout.log
21912057	33326	COMPOSITE	unit-0002-attempt-001.stdout.log
21912067	33326	COMPOSITE	unit-0002-attempt-001.stdout.log
21912079	33326	COMPOSITE	unit-0002-attempt-001.stdout.log
21912099	33326	COMPOSITE	unit-0002-attempt-001.stdout.log
21912135	33326	COMPOSITE	unit-0002-attempt-001.stdout.log
21912145	33326	COMPOSITE	unit-0002-attempt-001.stdout.log
21912165	33326	COMPOSITE	unit-0002-attempt-001.stdout.log
21912187	33326	COMPOSITE	unit-0002-attempt-001.stdout.log
21912195	33326	COMPOSITE	unit-0002-attempt-001.stdout.log
21912207	33326	COMPOSITE	unit-0002-attempt-001.stdout.log
21912213	33326	COMPOSITE	unit-0002-attempt-001.stdout.log
21912219	33326	COMPOSITE	unit-0002-attempt-001.stdout.log
21912225	33326	COMPOSITE	unit-0002-attempt-001.stdout.log
21912247	33326	COMPOSITE	unit-0002-attempt-001.stdout.log
21912277	33326	COMPOSITE	unit-0002-attempt-001.stdout.log
21912285	33326	COMPOSITE	unit-0002-attempt-001.stdout.log
21912289	33326	COMPOSITE	unit-0002-attempt-001.stdout.log
21912297	33326	COMPOSITE	unit-0002-attempt-001.stdout.log
21912307	33326	COMPOSITE	unit-0002-attempt-001.stdout.log
21912319	33326	COMPOSITE	unit-0002-attempt-001.stdout.log
21912327	33326	COMPOSITE	unit-0002-attempt-001.stdout.log
21912339	33326	COMPOSITE	unit-0002-attempt-001.stdout.log
21912355	33326	COMPOSITE	unit-0002-attempt-001.stdout.log
21912373	33326	COMPOSITE	unit-0002-attempt-001.stdout.log
21912393	33326	COMPOSITE	unit-0002-attempt-001.stdout.log
21912409	33326	COMPOSITE	unit-0002-attempt-001.stdout.log
21912433	33326	COMPOSITE	unit-0002-attempt-001.stdout.log
21912487	33326	COMPOSITE	unit-0002-attempt-001.stdout.log
21912505	33326	COMPOSITE	unit-0002-attempt-001.stdout.log
21912513	33326	COMPOSITE	unit-0002-attempt-001.stdout.log
21912555	33326	COMPOSITE	unit-0002-attempt-001.stdout.log
21912577	33326	COMPOSITE	unit-0002-attempt-001.stdout.log
21912597	33326	COMPOSITE	unit-0002-attempt-001.stdout.log
21912723	33326	COMPOSITE	unit-0002-attempt-001.stdout.log
21912747	33326	COMPOSITE	unit-0002-attempt-001.stdout.log
21912793	33326	COMPOSITE	unit-0002-attempt-001.stdout.log
21912795	33326	COMPOSITE	unit-0002-attempt-001.stdout.log
21912813	33326	COMPOSITE	unit-0002-attempt-001.stdout.log
21912825	33326	COMPOSITE	unit-0002-attempt-001.stdout.log
21912849	33326	COMPOSITE	unit-0002-attempt-001.stdout.log
21912879	33326	COMPOSITE	unit-0002-attempt-001.stdout.log
21912885	33326	COMPOSITE	unit-0002-attempt-001.stdout.log
21912895	33326	COMPOSITE	unit-0002-attempt-001.stdout.log
21912913	33326	COMPOSITE	unit-0002-attempt-001.stdout.log
21912915	33326	COMPOSITE	unit-0002-attempt-001.stdout.log
21912925	33326	COMPOSITE	unit-0002-attempt-001.stdout.log
21912955	33326	COMPOSITE	unit-0002-attempt-001.stdout.log
21912957	33326	COMPOSITE	unit-0002-attempt-001.stdout.log
21912967	33326	COMPOSITE	unit-0002-attempt-001.stdout.log
21912969	33326	COMPOSITE	unit-0002-attempt-001.stdout.log
21912993	33326	COMPOSITE	unit-0002-attempt-001.stdout.log
21912997	33326	COMPOSITE	unit-0002-attempt-001.stdout.log
21913035	33326	COMPOSITE	unit-0002-attempt-001.stdout.log
21913053	33326	COMPOSITE	unit-0002-attempt-001.stdout.log
21913059	33326	COMPOSITE	unit-0002-attempt-001.stdout.log
21913087	33326	COMPOSITE	unit-0002-attempt-001.stdout.log
21913105	33326	COMPOSITE	unit-0002-attempt-001.stdout.log
21913123	33326	COMPOSITE	unit-0002-attempt-001.stdout.log
21913129	33326	COMPOSITE	unit-0002-attempt-001.stdout.log
21913143	33326	COMPOSITE	unit-0002-attempt-001.stdout.log
21913159	33326	COMPOSITE	unit-0002-attempt-001.stdout.log
21913195	33326	COMPOSITE	unit-0002-attempt-001.stdout.log
21913237	33326	COMPOSITE	unit-0002-attempt-001.stdout.log
21913269	33326	COMPOSITE	unit-0002-attempt-001.stdout.log
21913287	33326	COMPOSITE	unit-0002-attempt-001.stdout.log
21913305	33326	COMPOSITE	unit-0003-attempt-001.stdout.log
21913333	33326	COMPOSITE	unit-0003-attempt-001.stdout.log
21913389	33326	COMPOSITE	unit-0003-attempt-001.stdout.log
21913413	33326	COMPOSITE	unit-0003-attempt-001.stdout.log
21913429	33326	COMPOSITE	unit-0003-attempt-001.stdout.log
21913465	33326	COMPOSITE	unit-0003-attempt-001.stdout.log
21913483	33326	COMPOSITE	unit-0003-attempt-001.stdout.log
21913485	33326	COMPOSITE	unit-0003-attempt-001.stdout.log
21913495	33326	COMPOSITE	unit-0003-attempt-001.stdout.log
21913515	33326	COMPOSITE	unit-0003-attempt-001.stdout.log
21913527	33326	COMPOSITE	unit-0003-attempt-001.stdout.log
21913537	33326	COMPOSITE	unit-0003-attempt-001.stdout.log
21913545	33326	COMPOSITE	unit-0003-attempt-001.stdout.log
21913549	33326	COMPOSITE	unit-0003-attempt-001.stdout.log
21913593	33326	COMPOSITE	unit-0003-attempt-001.stdout.log
21913629	33326	COMPOSITE	unit-0003-attempt-001.stdout.log
21913647	33326	COMPOSITE	unit-0003-attempt-001.stdout.log
21913657	33326	COMPOSITE	unit-0003-attempt-001.stdout.log
21913663	33326	COMPOSITE	unit-0003-attempt-001.stdout.log
21913665	33326	COMPOSITE	unit-0003-attempt-001.stdout.log
21913675	33326	COMPOSITE	unit-0003-attempt-001.stdout.log
21913677	33326	COMPOSITE	unit-0003-attempt-001.stdout.log
21913707	33326	COMPOSITE	unit-0003-attempt-001.stdout.log
21913735	33326	COMPOSITE	unit-0003-attempt-001.stdout.log
21913749	33326	COMPOSITE	unit-0003-attempt-001.stdout.log
21913759	33326	COMPOSITE	unit-0003-attempt-001.stdout.log
21913783	33326	COMPOSITE	unit-0003-attempt-001.stdout.log
21913803	33326	COMPOSITE	unit-0003-attempt-001.stdout.log
21913807	33326	COMPOSITE	unit-0003-attempt-001.stdout.log
21913849	33326	COMPOSITE	unit-0003-attempt-001.stdout.log
21913867	33326	COMPOSITE	unit-0003-attempt-001.stdout.log
21913879	33326	COMPOSITE	unit-0003-attempt-001.stdout.log
21913905	33326	COMPOSITE	unit-0003-attempt-001.stdout.log
21913917	33326	COMPOSITE	unit-0003-attempt-001.stdout.log
21913923	33326	COMPOSITE	unit-0003-attempt-001.stdout.log
21913935	33326	COMPOSITE	unit-0003-attempt-001.stdout.log
21913945	33326	COMPOSITE	unit-0003-attempt-001.stdout.log
21914017	33326	COMPOSITE	unit-0003-attempt-001.stdout.log
21914053	33326	COMPOSITE	unit-0003-attempt-001.stdout.log
21914109	33326	COMPOSITE	unit-0003-attempt-001.stdout.log
21914115	33326	COMPOSITE	unit-0003-attempt-001.stdout.log
21914175	33326	COMPOSITE	unit-0003-attempt-001.stdout.log
21914179	33326	COMPOSITE	unit-0003-attempt-001.stdout.log
21914209	33326	COMPOSITE	unit-0003-attempt-001.stdout.log
21914227	33326	COMPOSITE	unit-0003-attempt-001.stdout.log
21914253	33326	COMPOSITE	unit-0003-attempt-001.stdout.log
21914263	33326	COMPOSITE	unit-0003-attempt-001.stdout.log
21914295	33326	COMPOSITE	unit-0003-attempt-001.stdout.log
21914299	33326	COMPOSITE	unit-0003-attempt-001.stdout.log
21914313	33326	COMPOSITE	unit-0003-attempt-001.stdout.log
21914329	33326	COMPOSITE	unit-0003-attempt-001.stdout.log
21914343	33326	COMPOSITE	unit-0003-attempt-001.stdout.log
21914347	33326	COMPOSITE	unit-0003-attempt-001.stdout.log
21914377	33326	COMPOSITE	unit-0003-attempt-001.stdout.log
21914395	33326	COMPOSITE	unit-0003-attempt-001.stdout.log
21914397	33326	COMPOSITE	unit-0003-attempt-001.stdout.log
21914403	33326	COMPOSITE	unit-0003-attempt-001.stdout.log
21914419	33326	COMPOSITE	unit-0003-attempt-001.stdout.log
21914433	33326	COMPOSITE	unit-0003-attempt-001.stdout.log
21914439	33326	COMPOSITE	unit-0003-attempt-001.stdout.log
21914487	33326	COMPOSITE	unit-0003-attempt-001.stdout.log
21914497	33326	COMPOSITE	unit-0003-attempt-001.stdout.log
21914523	33326	COMPOSITE	unit-0003-attempt-001.stdout.log
21914539	33326	COMPOSITE	unit-0003-attempt-001.stdout.log
21914575	33326	COMPOSITE	unit-0003-attempt-001.stdout.log
21914589	33326	COMPOSITE	unit-0003-attempt-001.stdout.log
21914605	33326	COMPOSITE	unit-0003-attempt-001.stdout.log
21914629	33326	COMPOSITE	unit-0003-attempt-001.stdout.log
21914647	33326	COMPOSITE	unit-0003-attempt-001.stdout.log
21914665	33326	COMPOSITE	unit-0003-attempt-001.stdout.log
21914677	33326	COMPOSITE	unit-0003-attempt-001.stdout.log
21914719	33326	COMPOSITE	unit-0003-attempt-001.stdout.log
21914739	33326	COMPOSITE	unit-0003-attempt-001.stdout.log
21914749	33326	COMPOSITE	unit-0003-attempt-001.stdout.log
21914757	33326	COMPOSITE	unit-0003-attempt-001.stdout.log
21914763	33326	COMPOSITE	unit-0003-attempt-001.stdout.log
21914785	33326	COMPOSITE	unit-0003-attempt-001.stdout.log
21914797	33326	COMPOSITE	unit-0003-attempt-001.stdout.log
21914799	33326	COMPOSITE	unit-0003-attempt-001.stdout.log
21914809	33326	COMPOSITE	unit-0003-attempt-001.stdout.log
21914839	33326	COMPOSITE	unit-0003-attempt-001.stdout.log
21914869	33326	COMPOSITE	unit-0003-attempt-001.stdout.log
21914929	33326	COMPOSITE	unit-0003-attempt-001.stdout.log
21914949	33326	COMPOSITE	unit-0003-attempt-001.stdout.log
21914977	33326	COMPOSITE	unit-0003-attempt-001.stdout.log
21914983	33326	COMPOSITE	unit-0003-attempt-001.stdout.log
21915015	33326	COMPOSITE	unit-0003-attempt-001.stdout.log
21915025	33326	COMPOSITE	unit-0003-attempt-001.stdout.log
21915027	33326	COMPOSITE	unit-0003-attempt-001.stdout.log
21915037	33326	COMPOSITE	unit-0003-attempt-001.stdout.log
21915057	33326	COMPOSITE	unit-0003-attempt-001.stdout.log
21915085	33326	COMPOSITE	unit-0003-attempt-001.stdout.log
21915099	33326	COMPOSITE	unit-0003-attempt-001.stdout.log
21915103	33326	COMPOSITE	unit-0003-attempt-001.stdout.log
21915127	33326	COMPOSITE	unit-0003-attempt-001.stdout.log
21915133	33326	COMPOSITE	unit-0003-attempt-001.stdout.log
21915139	33326	COMPOSITE	unit-0003-attempt-001.stdout.log
21915165	33326	COMPOSITE	unit-0003-attempt-001.stdout.log
21915175	33326	COMPOSITE	unit-0003-attempt-001.stdout.log
21915183	33326	COMPOSITE	unit-0003-attempt-001.stdout.log
21915193	33326	COMPOSITE	unit-0004-attempt-001.stdout.log
21915243	33326	COMPOSITE	unit-0004-attempt-001.stdout.log
21915259	33326	COMPOSITE	unit-0004-attempt-001.stdout.log
21915285	33326	COMPOSITE	unit-0004-attempt-001.stdout.log
21915333	33326	COMPOSITE	unit-0004-attempt-001.stdout.log
21915337	33326	COMPOSITE	unit-0004-attempt-001.stdout.log
21915399	33326	COMPOSITE	unit-0004-attempt-001.stdout.log
21915417	33326	COMPOSITE	unit-0004-attempt-001.stdout.log
21915435	33326	COMPOSITE	unit-0004-attempt-001.stdout.log
21915439	33326	COMPOSITE	unit-0004-attempt-001.stdout.log
21915447	33326	COMPOSITE	unit-0004-attempt-001.stdout.log
21915505	33326	COMPOSITE	unit-0004-attempt-001.stdout.log
21915513	33326	COMPOSITE	unit-0004-attempt-001.stdout.log
21915565	33326	COMPOSITE	unit-0004-attempt-001.stdout.log
21915579	33326	COMPOSITE	unit-0004-attempt-001.stdout.log
21915613	33326	COMPOSITE	unit-0004-attempt-001.stdout.log
21915645	33326	COMPOSITE	unit-0004-attempt-001.stdout.log
21915655	33326	COMPOSITE	unit-0004-attempt-001.stdout.log
21915679	33326	COMPOSITE	unit-0004-attempt-001.stdout.log
21915687	33326	COMPOSITE	unit-0004-attempt-001.stdout.log
21915727	33326	COMPOSITE	unit-0004-attempt-001.stdout.log
21915739	33326	COMPOSITE	unit-0004-attempt-001.stdout.log
21915747	33326	COMPOSITE	unit-0004-attempt-001.stdout.log
21915783	33326	COMPOSITE	unit-0004-attempt-001.stdout.log
21915805	33326	COMPOSITE	unit-0004-attempt-001.stdout.log
21915813	33326	COMPOSITE	unit-0004-attempt-001.stdout.log
21915849	33326	COMPOSITE	unit-0004-attempt-001.stdout.log
21915865	33326	COMPOSITE	unit-0004-attempt-001.stdout.log
21915883	33326	COMPOSITE	unit-0004-attempt-001.stdout.log
21915919	33326	COMPOSITE	unit-0004-attempt-001.stdout.log
21915939	33326	COMPOSITE	unit-0004-attempt-001.stdout.log
21915945	33326	COMPOSITE	unit-0004-attempt-001.stdout.log
21915979	33326	COMPOSITE	unit-0004-attempt-001.stdout.log
21916003	33326	COMPOSITE	unit-0004-attempt-001.stdout.log
21916009	33326	COMPOSITE	unit-0004-attempt-001.stdout.log
21916045	33326	COMPOSITE	unit-0004-attempt-001.stdout.log
21916047	33326	COMPOSITE	unit-0004-attempt-001.stdout.log
21916059	33326	COMPOSITE	unit-0004-attempt-001.stdout.log
21916075	33326	COMPOSITE	unit-0004-attempt-001.stdout.log
21916089	33326	COMPOSITE	unit-0004-attempt-001.stdout.log
21916099	33326	COMPOSITE	unit-0004-attempt-001.stdout.log
21916129	33326	COMPOSITE	unit-0004-attempt-001.stdout.log
21916159	33326	COMPOSITE	unit-0004-attempt-001.stdout.log
21916167	33326	COMPOSITE	unit-0004-attempt-001.stdout.log
21916173	33326	COMPOSITE	unit-0004-attempt-001.stdout.log
21916177	33326	COMPOSITE	unit-0004-attempt-001.stdout.log
21916203	33326	COMPOSITE	unit-0004-attempt-001.stdout.log
21916233	33326	COMPOSITE	unit-0004-attempt-001.stdout.log
21916245	33326	COMPOSITE	unit-0004-attempt-001.stdout.log
21916257	33326	COMPOSITE	unit-0004-attempt-001.stdout.log
21916273	33326	COMPOSITE	unit-0004-attempt-001.stdout.log
21916297	33326	COMPOSITE	unit-0004-attempt-001.stdout.log
21916317	33326	COMPOSITE	unit-0004-attempt-001.stdout.log
21916327	33326	COMPOSITE	unit-0004-attempt-001.stdout.log
21916335	33326	COMPOSITE	unit-0004-attempt-001.stdout.log
21916357	33326	COMPOSITE	unit-0004-attempt-001.stdout.log
21916359	33326	COMPOSITE	unit-0004-attempt-001.stdout.log
21916363	33326	COMPOSITE	unit-0004-attempt-001.stdout.log
21916377	33326	COMPOSITE	unit-0004-attempt-001.stdout.log
21916383	33326	COMPOSITE	unit-0004-attempt-001.stdout.log
21916387	33326	COMPOSITE	unit-0004-attempt-001.stdout.log
21916393	33326	COMPOSITE	unit-0004-attempt-001.stdout.log
21916405	33326	COMPOSITE	unit-0004-attempt-001.stdout.log
21916449	33326	COMPOSITE	unit-0004-attempt-001.stdout.log
21916479	33326	COMPOSITE	unit-0004-attempt-001.stdout.log
21916489	33326	COMPOSITE	unit-0004-attempt-001.stdout.log
21916503	33326	COMPOSITE	unit-0004-attempt-001.stdout.log
21916507	33326	COMPOSITE	unit-0004-attempt-001.stdout.log
21916509	33326	COMPOSITE	unit-0004-attempt-001.stdout.log
21916533	33326	COMPOSITE	unit-0004-attempt-001.stdout.log
21916537	33326	COMPOSITE	unit-0004-attempt-001.stdout.log
21916539	33326	COMPOSITE	unit-0004-attempt-001.stdout.log
21916545	33326	COMPOSITE	unit-0004-attempt-001.stdout.log
21916575	33326	COMPOSITE	unit-0004-attempt-001.stdout.log
21916623	33326	COMPOSITE	unit-0004-attempt-001.stdout.log
21916653	33326	COMPOSITE	unit-0004-attempt-001.stdout.log
21916657	33326	COMPOSITE	unit-0004-attempt-001.stdout.log
21916663	33326	COMPOSITE	unit-0004-attempt-001.stdout.log
21916713	33326	COMPOSITE	unit-0004-attempt-001.stdout.log
21916717	33326	COMPOSITE	unit-0004-attempt-001.stdout.log
21916735	33326	COMPOSITE	unit-0004-attempt-001.stdout.log
21916743	33326	COMPOSITE	unit-0004-attempt-001.stdout.log
21916759	33326	COMPOSITE	unit-0004-attempt-001.stdout.log
21916765	33326	COMPOSITE	unit-0004-attempt-001.stdout.log
21916779	33326	COMPOSITE	unit-0004-attempt-001.stdout.log
21916785	33326	COMPOSITE	unit-0004-attempt-001.stdout.log
21916789	33326	COMPOSITE	unit-0004-attempt-001.stdout.log
21916797	33326	COMPOSITE	unit-0004-attempt-001.stdout.log
21916815	33326	COMPOSITE	unit-0004-attempt-001.stdout.log
21916839	33326	COMPOSITE	unit-0004-attempt-001.stdout.log
21916849	33326	COMPOSITE	unit-0004-attempt-001.stdout.log
21916903	33326	COMPOSITE	unit-0004-attempt-001.stdout.log
21916915	33326	COMPOSITE	unit-0004-attempt-001.stdout.log
21916917	33326	COMPOSITE	unit-0004-attempt-001.stdout.log
21916927	33326	COMPOSITE	unit-0004-attempt-001.stdout.log
21916959	33326	COMPOSITE	unit-0004-attempt-001.stdout.log
21916969	33326	COMPOSITE	unit-0004-attempt-001.stdout.log
21916975	33326	COMPOSITE	unit-0004-attempt-001.stdout.log
21916987	33326	COMPOSITE	unit-0004-attempt-001.stdout.log
21916993	33326	COMPOSITE	unit-0004-attempt-001.stdout.log
21916995	33326	COMPOSITE	unit-0005-attempt-001.stdout.log
21917037	33326	COMPOSITE	unit-0005-attempt-001.stdout.log
21917043	33326	COMPOSITE	unit-0005-attempt-001.stdout.log
21917065	33326	COMPOSITE	unit-0005-attempt-001.stdout.log
21917095	33326	COMPOSITE	unit-0005-attempt-001.stdout.log
21917109	33326	COMPOSITE	unit-0005-attempt-001.stdout.log
21917155	33326	COMPOSITE	unit-0005-attempt-001.stdout.log
21917175	33326	COMPOSITE	unit-0005-attempt-001.stdout.log
21917233	33326	COMPOSITE	unit-0005-attempt-001.stdout.log
21917235	33326	COMPOSITE	unit-0005-attempt-001.stdout.log
21917247	33326	COMPOSITE	unit-0005-attempt-001.stdout.log
21917307	33326	COMPOSITE	unit-0005-attempt-001.stdout.log
21917323	33326	COMPOSITE	unit-0005-attempt-001.stdout.log
21917347	33326	COMPOSITE	unit-0005-attempt-001.stdout.log
21917349	33326	COMPOSITE	unit-0005-attempt-001.stdout.log
21917373	33326	COMPOSITE	unit-0005-attempt-001.stdout.log
21917389	33326	COMPOSITE	unit-0005-attempt-001.stdout.log
21917413	33326	COMPOSITE	unit-0005-attempt-001.stdout.log
21917415	33326	COMPOSITE	unit-0005-attempt-001.stdout.log
21917437	33326	COMPOSITE	unit-0005-attempt-001.stdout.log
21917463	33326	COMPOSITE	unit-0005-attempt-001.stdout.log
21917475	33326	COMPOSITE	unit-0005-attempt-001.stdout.log
21917485	33326	COMPOSITE	unit-0005-attempt-001.stdout.log
21917487	33326	COMPOSITE	unit-0005-attempt-001.stdout.log
21917497	33326	COMPOSITE	unit-0005-attempt-001.stdout.log
21917533	33326	COMPOSITE	unit-0005-attempt-001.stdout.log
21917553	33326	COMPOSITE	unit-0005-attempt-001.stdout.log
21917563	33326	COMPOSITE	unit-0005-attempt-001.stdout.log
21917595	33326	COMPOSITE	unit-0005-attempt-001.stdout.log
21917599	33326	COMPOSITE	unit-0005-attempt-001.stdout.log
21917617	33326	COMPOSITE	unit-0005-attempt-001.stdout.log
21917625	33326	COMPOSITE	unit-0005-attempt-001.stdout.log
21917647	33326	COMPOSITE	unit-0005-attempt-001.stdout.log
21917655	33326	COMPOSITE	unit-0005-attempt-001.stdout.log
21917667	33326	COMPOSITE	unit-0005-attempt-001.stdout.log
21917679	33326	COMPOSITE	unit-0005-attempt-001.stdout.log
21917683	33326	COMPOSITE	unit-0005-attempt-001.stdout.log
21917703	33326	COMPOSITE	unit-0005-attempt-001.stdout.log
21917709	33326	COMPOSITE	unit-0005-attempt-001.stdout.log
21917725	33326	COMPOSITE	unit-0005-attempt-001.stdout.log
21917763	33326	COMPOSITE	unit-0005-attempt-001.stdout.log
21917805	33326	COMPOSITE	unit-0005-attempt-001.stdout.log
21917809	33326	COMPOSITE	unit-0005-attempt-001.stdout.log
21917823	33326	COMPOSITE	unit-0005-attempt-001.stdout.log
21917839	33326	COMPOSITE	unit-0005-attempt-001.stdout.log
21917853	33326	COMPOSITE	unit-0005-attempt-001.stdout.log
21917893	33326	COMPOSITE	unit-0005-attempt-001.stdout.log
21917937	33326	COMPOSITE	unit-0005-attempt-001.stdout.log
21917947	33326	COMPOSITE	unit-0005-attempt-001.stdout.log
21917955	33326	COMPOSITE	unit-0005-attempt-001.stdout.log
21917959	33326	COMPOSITE	unit-0005-attempt-001.stdout.log
21917973	33326	COMPOSITE	unit-0005-attempt-001.stdout.log
21917997	33326	COMPOSITE	unit-0005-attempt-001.stdout.log
21918009	33326	COMPOSITE	unit-0005-attempt-001.stdout.log
21918057	33326	COMPOSITE	unit-0005-attempt-001.stdout.log
21918073	33326	COMPOSITE	unit-0005-attempt-001.stdout.log
21918099	33326	COMPOSITE	unit-0005-attempt-001.stdout.log
21918105	33326	COMPOSITE	unit-0005-attempt-001.stdout.log
21918123	33326	COMPOSITE	unit-0005-attempt-001.stdout.log
21918135	33326	COMPOSITE	unit-0005-attempt-001.stdout.log
21918157	33326	COMPOSITE	unit-0005-attempt-001.stdout.log
21918219	33326	COMPOSITE	unit-0005-attempt-001.stdout.log
21918273	33326	COMPOSITE	unit-0005-attempt-001.stdout.log
21918277	33326	COMPOSITE	unit-0005-attempt-001.stdout.log
21918285	33326	COMPOSITE	unit-0005-attempt-001.stdout.log
21918325	33326	COMPOSITE	unit-0005-attempt-001.stdout.log
21918333	33326	COMPOSITE	unit-0005-attempt-001.stdout.log
21918337	33326	COMPOSITE	unit-0005-attempt-001.stdout.log
21918339	33326	COMPOSITE	unit-0005-attempt-001.stdout.log
21918355	33326	COMPOSITE	unit-0005-attempt-001.stdout.log
21918373	33326	COMPOSITE	unit-0005-attempt-001.stdout.log
21918387	33326	COMPOSITE	unit-0005-attempt-001.stdout.log
21918399	33326	COMPOSITE	unit-0005-attempt-001.stdout.log
21918423	33326	COMPOSITE	unit-0005-attempt-001.stdout.log
21918469	33326	COMPOSITE	unit-0005-attempt-001.stdout.log
21918499	33326	COMPOSITE	unit-0005-attempt-001.stdout.log
21918525	33326	COMPOSITE	unit-0005-attempt-001.stdout.log
21918567	33326	COMPOSITE	unit-0005-attempt-001.stdout.log
21918609	33326	COMPOSITE	unit-0005-attempt-001.stdout.log
21918619	33326	COMPOSITE	unit-0005-attempt-001.stdout.log
21918633	33326	COMPOSITE	unit-0005-attempt-001.stdout.log
21918663	33326	COMPOSITE	unit-0005-attempt-001.stdout.log
21918667	33326	COMPOSITE	unit-0005-attempt-001.stdout.log
21918703	33326	COMPOSITE	unit-0005-attempt-001.stdout.log
21918715	33326	COMPOSITE	unit-0005-attempt-001.stdout.log
21918723	33326	COMPOSITE	unit-0005-attempt-001.stdout.log
21918729	33326	COMPOSITE	unit-0005-attempt-001.stdout.log
21918733	33326	COMPOSITE	unit-0005-attempt-001.stdout.log
21918745	33326	COMPOSITE	unit-0005-attempt-001.stdout.log
21918747	33326	COMPOSITE	unit-0005-attempt-001.stdout.log
21918799	33326	COMPOSITE	unit-0005-attempt-001.stdout.log
21918805	33326	COMPOSITE	unit-0005-attempt-001.stdout.log
21918807	33326	COMPOSITE	unit-0005-attempt-001.stdout.log
21918829	33326	COMPOSITE	unit-0005-attempt-001.stdout.log
21918847	33326	COMPOSITE	unit-0005-attempt-001.stdout.log
21918873	33326	COMPOSITE	unit-0005-attempt-001.stdout.log
21918879	33326	COMPOSITE	unit-0005-attempt-001.stdout.log
21918883	33326	COMPOSITE	unit-0005-attempt-001.stdout.log
21918885	33326	COMPOSITE	unit-0005-attempt-001.stdout.log
21918919	33326	COMPOSITE	unit-0005-attempt-001.stdout.log
21918943	33326	COMPOSITE	unit-0006-attempt-001.stdout.log
21918957	33326	COMPOSITE	unit-0006-attempt-001.stdout.log
21919003	33326	COMPOSITE	unit-0006-attempt-001.stdout.log
21919005	33326	COMPOSITE	unit-0006-attempt-001.stdout.log
21919009	33326	COMPOSITE	unit-0006-attempt-001.stdout.log
21919027	33326	COMPOSITE	unit-0006-attempt-001.stdout.log
21919045	33326	COMPOSITE	unit-0006-attempt-001.stdout.log
21919083	33326	COMPOSITE	unit-0006-attempt-001.stdout.log
21919089	33326	COMPOSITE	unit-0006-attempt-001.stdout.log
21919117	33326	COMPOSITE	unit-0006-attempt-001.stdout.log
21919155	33326	COMPOSITE	unit-0006-attempt-001.stdout.log
21919165	33326	COMPOSITE	unit-0006-attempt-001.stdout.log
21919213	33326	COMPOSITE	unit-0006-attempt-001.stdout.log
21919243	33326	COMPOSITE	unit-0006-attempt-001.stdout.log
21919263	33326	COMPOSITE	unit-0006-attempt-001.stdout.log
21919267	33326	COMPOSITE	unit-0006-attempt-001.stdout.log
21919275	33326	COMPOSITE	unit-0006-attempt-001.stdout.log
21919317	33326	COMPOSITE	unit-0006-attempt-001.stdout.log
21919327	33326	COMPOSITE	unit-0006-attempt-001.stdout.log
21919335	33326	COMPOSITE	unit-0006-attempt-001.stdout.log
21919347	33326	COMPOSITE	unit-0006-attempt-001.stdout.log
21919353	33326	COMPOSITE	unit-0006-attempt-001.stdout.log
21919359	33326	COMPOSITE	unit-0006-attempt-001.stdout.log
21919389	33326	COMPOSITE	unit-0006-attempt-001.stdout.log
21919417	33326	COMPOSITE	unit-0006-attempt-001.stdout.log
21919419	33326	COMPOSITE	unit-0006-attempt-001.stdout.log
21919449	33326	COMPOSITE	unit-0006-attempt-001.stdout.log
21919479	33326	COMPOSITE	unit-0006-attempt-001.stdout.log
21919543	33326	COMPOSITE	unit-0006-attempt-001.stdout.log
21919555	33326	COMPOSITE	unit-0006-attempt-001.stdout.log
21919569	33326	COMPOSITE	unit-0006-attempt-001.stdout.log
21919593	33326	COMPOSITE	unit-0006-attempt-001.stdout.log
21919603	33326	COMPOSITE	unit-0006-attempt-001.stdout.log
21919633	33326	COMPOSITE	unit-0006-attempt-001.stdout.log
21919647	33326	COMPOSITE	unit-0006-attempt-001.stdout.log
21919653	33326	COMPOSITE	unit-0006-attempt-001.stdout.log
21919669	33326	COMPOSITE	unit-0006-attempt-001.stdout.log
21919689	33326	COMPOSITE	unit-0006-attempt-001.stdout.log
21919747	33326	COMPOSITE	unit-0006-attempt-001.stdout.log
21919753	33326	COMPOSITE	unit-0006-attempt-001.stdout.log
21919755	33326	COMPOSITE	unit-0006-attempt-001.stdout.log
21919765	33326	COMPOSITE	unit-0006-attempt-001.stdout.log
21919795	33326	COMPOSITE	unit-0006-attempt-001.stdout.log
21919803	33326	COMPOSITE	unit-0006-attempt-001.stdout.log
21919825	33326	COMPOSITE	unit-0006-attempt-001.stdout.log
21919839	33326	COMPOSITE	unit-0006-attempt-001.stdout.log
21919843	33326	COMPOSITE	unit-0006-attempt-001.stdout.log
21919869	33326	COMPOSITE	unit-0006-attempt-001.stdout.log
21919923	33326	COMPOSITE	unit-0006-attempt-001.stdout.log
21919933	33326	COMPOSITE	unit-0006-attempt-001.stdout.log
21919957	33326	COMPOSITE	unit-0006-attempt-001.stdout.log
21919965	33326	COMPOSITE	unit-0006-attempt-001.stdout.log
21919989	33326	COMPOSITE	unit-0006-attempt-001.stdout.log
21920037	33326	COMPOSITE	unit-0006-attempt-001.stdout.log
21920059	33326	COMPOSITE	unit-0006-attempt-001.stdout.log
21920067	33326	COMPOSITE	unit-0006-attempt-001.stdout.log
21920077	33326	COMPOSITE	unit-0006-attempt-001.stdout.log
21920079	33326	COMPOSITE	unit-0006-attempt-001.stdout.log
21920089	33326	COMPOSITE	unit-0006-attempt-001.stdout.log
21920097	33326	COMPOSITE	unit-0006-attempt-001.stdout.log
21920143	33326	COMPOSITE	unit-0006-attempt-001.stdout.log
21920185	33326	COMPOSITE	unit-0006-attempt-001.stdout.log
21920193	33326	COMPOSITE	unit-0006-attempt-001.stdout.log
21920209	33326	COMPOSITE	unit-0006-attempt-001.stdout.log
21920257	33326	COMPOSITE	unit-0006-attempt-001.stdout.log
21920269	33326	COMPOSITE	unit-0006-attempt-001.stdout.log
21920349	33326	COMPOSITE	unit-0006-attempt-001.stdout.log
21920367	33326	COMPOSITE	unit-0006-attempt-001.stdout.log
21920373	33326	COMPOSITE	unit-0006-attempt-001.stdout.log
21920409	33326	COMPOSITE	unit-0006-attempt-001.stdout.log
21920415	33326	COMPOSITE	unit-0006-attempt-001.stdout.log
21920445	33326	COMPOSITE	unit-0006-attempt-001.stdout.log
21920455	33326	COMPOSITE	unit-0006-attempt-001.stdout.log
21920475	33326	COMPOSITE	unit-0006-attempt-001.stdout.log
21920497	33326	COMPOSITE	unit-0006-attempt-001.stdout.log
21920529	33326	COMPOSITE	unit-0006-attempt-001.stdout.log
21920535	33326	COMPOSITE	unit-0006-attempt-001.stdout.log
21920545	33326	COMPOSITE	unit-0006-attempt-001.stdout.log
21920559	33326	COMPOSITE	unit-0006-attempt-001.stdout.log
21920565	33326	COMPOSITE	unit-0006-attempt-001.stdout.log
21920569	33326	COMPOSITE	unit-0006-attempt-001.stdout.log
21920613	33326	COMPOSITE	unit-0006-attempt-001.stdout.log
21920623	33326	COMPOSITE	unit-0006-attempt-001.stdout.log
21920635	33326	COMPOSITE	unit-0006-attempt-001.stdout.log
21920637	33326	COMPOSITE	unit-0006-attempt-001.stdout.log
21920643	33326	COMPOSITE	unit-0006-attempt-001.stdout.log
21920665	33326	COMPOSITE	unit-0006-attempt-001.stdout.log
21920703	33326	COMPOSITE	unit-0006-attempt-001.stdout.log
21920713	33326	COMPOSITE	unit-0006-attempt-001.stdout.log
21920725	33326	COMPOSITE	unit-0006-attempt-001.stdout.log
21920727	33326	COMPOSITE	unit-0006-attempt-001.stdout.log
21920769	33326	COMPOSITE	unit-0006-attempt-001.stdout.log
21920775	33326	COMPOSITE	unit-0006-attempt-001.stdout.log
21920809	33326	COMPOSITE	unit-0006-attempt-001.stdout.log
21920887	33326	COMPOSITE	unit-0006-attempt-001.stdout.log
21920899	33326	COMPOSITE	unit-0006-attempt-001.stdout.log
21920917	33326	COMPOSITE	unit-0006-attempt-001.stdout.log
21920919	33326	COMPOSITE	unit-0006-attempt-001.stdout.log
21920973	33326	COMPOSITE	unit-0006-attempt-001.stdout.log
21921007	33326	COMPOSITE	unit-0006-attempt-001.stdout.log
21921049	33326	COMPOSITE	unit-0007-attempt-001.stdout.log
21921057	33326	COMPOSITE	unit-0007-attempt-001.stdout.log
21921063	33326	COMPOSITE	unit-0007-attempt-001.stdout.log
21921073	33326	COMPOSITE	unit-0007-attempt-001.stdout.log
21921099	33326	COMPOSITE	unit-0007-attempt-001.stdout.log
21921109	33326	COMPOSITE	unit-0007-attempt-001.stdout.log
21921145	33326	COMPOSITE	unit-0007-attempt-001.stdout.log
21921183	33326	COMPOSITE	unit-0007-attempt-001.stdout.log
21921189	33326	COMPOSITE	unit-0007-attempt-001.stdout.log
21921193	33326	COMPOSITE	unit-0007-attempt-001.stdout.log
21921223	33326	COMPOSITE	unit-0007-attempt-001.stdout.log
21921225	33326	COMPOSITE	unit-0007-attempt-001.stdout.log
21921243	33326	COMPOSITE	unit-0007-attempt-001.stdout.log
21921259	33326	COMPOSITE	unit-0007-attempt-001.stdout.log
21921267	33326	COMPOSITE	unit-0007-attempt-001.stdout.log
21921277	33326	COMPOSITE	unit-0007-attempt-001.stdout.log
21921283	33326	COMPOSITE	unit-0007-attempt-001.stdout.log
21921285	33326	COMPOSITE	unit-0007-attempt-001.stdout.log
21921295	33326	COMPOSITE	unit-0007-attempt-001.stdout.log
21921313	33326	COMPOSITE	unit-0007-attempt-001.stdout.log
21921339	33326	COMPOSITE	unit-0007-attempt-001.stdout.log
21921349	33326	COMPOSITE	unit-0007-attempt-001.stdout.log
21921397	33326	COMPOSITE	unit-0007-attempt-001.stdout.log
21921405	33326	COMPOSITE	unit-0007-attempt-001.stdout.log
21921463	33326	COMPOSITE	unit-0007-attempt-001.stdout.log
21921475	33326	COMPOSITE	unit-0007-attempt-001.stdout.log
21921495	33326	COMPOSITE	unit-0007-attempt-001.stdout.log
21921505	33326	COMPOSITE	unit-0007-attempt-001.stdout.log
21921517	33326	COMPOSITE	unit-0007-attempt-001.stdout.log
21921523	33326	COMPOSITE	unit-0007-attempt-001.stdout.log
21921549	33326	COMPOSITE	unit-0007-attempt-001.stdout.log
21921573	33326	COMPOSITE	unit-0007-attempt-001.stdout.log
21921577	33326	COMPOSITE	unit-0007-attempt-001.stdout.log
21921579	33326	COMPOSITE	unit-0007-attempt-001.stdout.log
21921627	33326	COMPOSITE	unit-0007-attempt-001.stdout.log
21921633	33326	COMPOSITE	unit-0007-attempt-001.stdout.log
21921645	33326	COMPOSITE	unit-0007-attempt-001.stdout.log
21921685	33326	COMPOSITE	unit-0007-attempt-001.stdout.log
21921699	33326	COMPOSITE	unit-0007-attempt-001.stdout.log
21921705	33326	COMPOSITE	unit-0007-attempt-001.stdout.log
21921715	33326	COMPOSITE	unit-0007-attempt-001.stdout.log
21921739	33326	COMPOSITE	unit-0007-attempt-001.stdout.log
21921753	33326	COMPOSITE	unit-0007-attempt-001.stdout.log
21921777	33326	COMPOSITE	unit-0007-attempt-001.stdout.log
21921787	33326	COMPOSITE	unit-0007-attempt-001.stdout.log
21921843	33326	COMPOSITE	unit-0007-attempt-001.stdout.log
21921865	33326	COMPOSITE	unit-0007-attempt-001.stdout.log
21921867	33326	COMPOSITE	unit-0007-attempt-001.stdout.log
21921889	33326	COMPOSITE	unit-0007-attempt-001.stdout.log
21921925	33326	COMPOSITE	unit-0007-attempt-001.stdout.log
21921927	33326	COMPOSITE	unit-0007-attempt-001.stdout.log
21921945	33326	COMPOSITE	unit-0007-attempt-001.stdout.log
21921985	33326	COMPOSITE	unit-0007-attempt-001.stdout.log
21921999	33326	COMPOSITE	unit-0007-attempt-001.stdout.log
21922075	33326	COMPOSITE	unit-0007-attempt-001.stdout.log
21922083	33326	COMPOSITE	unit-0007-attempt-001.stdout.log
21922095	33326	COMPOSITE	unit-0007-attempt-001.stdout.log
21922113	33326	COMPOSITE	unit-0007-attempt-001.stdout.log
21922119	33326	COMPOSITE	unit-0007-attempt-001.stdout.log
21922147	33326	COMPOSITE	unit-0007-attempt-001.stdout.log
21922155	33326	COMPOSITE	unit-0007-attempt-001.stdout.log
21922165	33326	COMPOSITE	unit-0007-attempt-001.stdout.log
21922209	33326	COMPOSITE	unit-0007-attempt-001.stdout.log
21922233	33326	COMPOSITE	unit-0007-attempt-001.stdout.log
21922237	33326	COMPOSITE	unit-0007-attempt-001.stdout.log
21922279	33326	COMPOSITE	unit-0007-attempt-001.stdout.log
21922309	33326	COMPOSITE	unit-0007-attempt-001.stdout.log
21922323	33326	COMPOSITE	unit-0007-attempt-001.stdout.log
21922333	33326	COMPOSITE	unit-0007-attempt-001.stdout.log
21922383	33326	COMPOSITE	unit-0007-attempt-001.stdout.log
21922399	33326	COMPOSITE	unit-0007-attempt-001.stdout.log
21922407	33326	COMPOSITE	unit-0007-attempt-001.stdout.log
21922419	33326	COMPOSITE	unit-0007-attempt-001.stdout.log
21922425	33326	COMPOSITE	unit-0007-attempt-001.stdout.log
21922509	33326	COMPOSITE	unit-0007-attempt-001.stdout.log
21922519	33326	COMPOSITE	unit-0007-attempt-001.stdout.log
21922543	33326	COMPOSITE	unit-0007-attempt-001.stdout.log
21922573	33326	COMPOSITE	unit-0007-attempt-001.stdout.log
21922575	33326	COMPOSITE	unit-0007-attempt-001.stdout.log
21922597	33326	COMPOSITE	unit-0007-attempt-001.stdout.log
21922615	33326	COMPOSITE	unit-0007-attempt-001.stdout.log
21922627	33326	COMPOSITE	unit-0007-attempt-001.stdout.log
21922729	33326	COMPOSITE	unit-0007-attempt-001.stdout.log
21922743	33326	COMPOSITE	unit-0007-attempt-001.stdout.log
21922747	33326	COMPOSITE	unit-0007-attempt-001.stdout.log
21922765	33326	COMPOSITE	unit-0007-attempt-001.stdout.log
21922767	33326	COMPOSITE	unit-0007-attempt-001.stdout.log
21922783	33326	COMPOSITE	unit-0007-attempt-001.stdout.log
21922795	33326	COMPOSITE	unit-0007-attempt-001.stdout.log
21922833	33326	COMPOSITE	unit-0007-attempt-001.stdout.log
21922837	33326	COMPOSITE	unit-0007-attempt-001.stdout.log
21922869	33326	COMPOSITE	unit-0007-attempt-001.stdout.log
21922875	33326	COMPOSITE	unit-0007-attempt-001.stdout.log
21922903	33326	COMPOSITE	unit-0007-attempt-001.stdout.log
21922933	33326	COMPOSITE	unit-0007-attempt-001.stdout.log
21922947	33326	COMPOSITE	unit-0007-attempt-001.stdout.log
21922953	33326	COMPOSITE	unit-0007-attempt-001.stdout.log
21923013	33326	COMPOSITE	unit-0007-attempt-001.stdout.log
21923059	33326	COMPOSITE	unit-0007-attempt-001.stdout.log
21923097	33326	COMPOSITE	unit-0007-attempt-001.stdout.log
21923143	33326	COMPOSITE	unit-0008-attempt-001.stdout.log
21923155	33326	COMPOSITE	unit-0008-attempt-001.stdout.log
21923163	33326	COMPOSITE	unit-0008-attempt-001.stdout.log
21923187	33326	COMPOSITE	unit-0008-attempt-001.stdout.log
21923197	33326	COMPOSITE	unit-0008-attempt-001.stdout.log
21923223	33326	COMPOSITE	unit-0008-attempt-001.stdout.log
21923257	33326	COMPOSITE	unit-0008-attempt-001.stdout.log
21923293	33326	COMPOSITE	unit-0008-attempt-001.stdout.log
21923313	33326	COMPOSITE	unit-0008-attempt-001.stdout.log
21923317	33326	COMPOSITE	unit-0008-attempt-001.stdout.log
21923365	33326	COMPOSITE	unit-0008-attempt-001.stdout.log
21923379	33326	COMPOSITE	unit-0008-attempt-001.stdout.log
21923395	33326	COMPOSITE	unit-0008-attempt-001.stdout.log
21923397	33326	COMPOSITE	unit-0008-attempt-001.stdout.log
21923419	33326	COMPOSITE	unit-0008-attempt-001.stdout.log
21923425	33326	COMPOSITE	unit-0008-attempt-001.stdout.log
21923433	33326	COMPOSITE	unit-0008-attempt-001.stdout.log
21923449	33326	COMPOSITE	unit-0008-attempt-001.stdout.log
21923467	33326	COMPOSITE	unit-0008-attempt-001.stdout.log
21923493	33326	COMPOSITE	unit-0008-attempt-001.stdout.log
21923497	33326	COMPOSITE	unit-0008-attempt-001.stdout.log
21923503	33326	COMPOSITE	unit-0008-attempt-001.stdout.log
21923505	33326	COMPOSITE	unit-0008-attempt-001.stdout.log
21923559	33326	COMPOSITE	unit-0008-attempt-001.stdout.log
21923569	33326	COMPOSITE	unit-0008-attempt-001.stdout.log
21923605	33326	COMPOSITE	unit-0008-attempt-001.stdout.log
21923617	33326	COMPOSITE	unit-0008-attempt-001.stdout.log
21923625	33326	COMPOSITE	unit-0008-attempt-001.stdout.log
21923635	33326	COMPOSITE	unit-0008-attempt-001.stdout.log
21923637	33326	COMPOSITE	unit-0008-attempt-001.stdout.log
21923679	33326	COMPOSITE	unit-0008-attempt-001.stdout.log
21923709	33326	COMPOSITE	unit-0008-attempt-001.stdout.log
21923713	33326	COMPOSITE	unit-0008-attempt-001.stdout.log
21923719	33326	COMPOSITE	unit-0008-attempt-001.stdout.log
21923727	33326	COMPOSITE	unit-0008-attempt-001.stdout.log
21923755	33326	COMPOSITE	unit-0008-attempt-001.stdout.log
21923797	33326	COMPOSITE	unit-0008-attempt-001.stdout.log
21923803	33326	COMPOSITE	unit-0008-attempt-001.stdout.log
21923815	33326	COMPOSITE	unit-0008-attempt-001.stdout.log
21923833	33326	COMPOSITE	unit-0008-attempt-001.stdout.log
21923877	33326	COMPOSITE	unit-0008-attempt-001.stdout.log
21923889	33326	COMPOSITE	unit-0008-attempt-001.stdout.log
21923967	33326	COMPOSITE	unit-0008-attempt-001.stdout.log
21923979	33326	COMPOSITE	unit-0008-attempt-001.stdout.log
21923989	33326	COMPOSITE	unit-0008-attempt-001.stdout.log
21924037	33326	COMPOSITE	unit-0008-attempt-001.stdout.log
21924079	33326	COMPOSITE	unit-0008-attempt-001.stdout.log
21924085	33326	COMPOSITE	unit-0008-attempt-001.stdout.log
21924099	33326	COMPOSITE	unit-0008-attempt-001.stdout.log
21924109	33326	COMPOSITE	unit-0008-attempt-001.stdout.log
21924123	33326	COMPOSITE	unit-0008-attempt-001.stdout.log
21924147	33326	COMPOSITE	unit-0008-attempt-001.stdout.log
21924175	33326	COMPOSITE	unit-0008-attempt-001.stdout.log
21924195	33326	COMPOSITE	unit-0008-attempt-001.stdout.log
21924213	33326	COMPOSITE	unit-0008-attempt-001.stdout.log
21924219	33326	COMPOSITE	unit-0008-attempt-001.stdout.log
21924225	33326	COMPOSITE	unit-0008-attempt-001.stdout.log
21924255	33326	COMPOSITE	unit-0008-attempt-001.stdout.log
21924265	33326	COMPOSITE	unit-0008-attempt-001.stdout.log
21924279	33326	COMPOSITE	unit-0008-attempt-001.stdout.log
21924289	33326	COMPOSITE	unit-0008-attempt-001.stdout.log
21924309	33326	COMPOSITE	unit-0008-attempt-001.stdout.log
21924339	33326	COMPOSITE	unit-0008-attempt-001.stdout.log
21924345	33326	COMPOSITE	unit-0008-attempt-001.stdout.log
21924357	33326	COMPOSITE	unit-0008-attempt-001.stdout.log
21924363	33326	COMPOSITE	unit-0008-attempt-001.stdout.log
21924379	33326	COMPOSITE	unit-0008-attempt-001.stdout.log
21924457	33326	COMPOSITE	unit-0008-attempt-001.stdout.log
21924475	33326	COMPOSITE	unit-0008-attempt-001.stdout.log
21924493	33326	COMPOSITE	unit-0008-attempt-001.stdout.log
21924507	33326	COMPOSITE	unit-0008-attempt-001.stdout.log
21924543	33326	COMPOSITE	unit-0008-attempt-001.stdout.log
21924553	33326	COMPOSITE	unit-0008-attempt-001.stdout.log
21924559	33326	COMPOSITE	unit-0008-attempt-001.stdout.log
21924567	33326	COMPOSITE	unit-0008-attempt-001.stdout.log
21924583	33326	COMPOSITE	unit-0008-attempt-001.stdout.log
21924585	33326	COMPOSITE	unit-0008-attempt-001.stdout.log
21924597	33326	COMPOSITE	unit-0008-attempt-001.stdout.log
21924613	33326	COMPOSITE	unit-0008-attempt-001.stdout.log
21924625	33326	COMPOSITE	unit-0008-attempt-001.stdout.log
21924639	33326	COMPOSITE	unit-0008-attempt-001.stdout.log
21924727	33326	COMPOSITE	unit-0008-attempt-001.stdout.log
21924735	33326	COMPOSITE	unit-0008-attempt-001.stdout.log
21924739	33326	COMPOSITE	unit-0008-attempt-001.stdout.log
21924813	33326	COMPOSITE	unit-0008-attempt-001.stdout.log
21924847	33326	COMPOSITE	unit-0008-attempt-001.stdout.log
21924903	33326	COMPOSITE	unit-0008-attempt-001.stdout.log
21924927	33326	COMPOSITE	unit-0008-attempt-001.stdout.log
21924937	33326	COMPOSITE	unit-0008-attempt-001.stdout.log
21924939	33326	COMPOSITE	unit-0008-attempt-001.stdout.log
21924969	33326	COMPOSITE	unit-0008-attempt-001.stdout.log
21924979	33326	COMPOSITE	unit-0008-attempt-001.stdout.log
21925005	33326	COMPOSITE	unit-0008-attempt-001.stdout.log
21925017	33326	COMPOSITE	unit-0008-attempt-001.stdout.log
21925035	33326	COMPOSITE	unit-0008-attempt-001.stdout.log
21925059	33326	COMPOSITE	unit-0008-attempt-001.stdout.log
21925087	33326	COMPOSITE	unit-0008-attempt-001.stdout.log
21925177	33326	COMPOSITE	unit-0008-attempt-001.stdout.log
21925197	33326	COMPOSITE	unit-0008-attempt-001.stdout.log
21925215	33326	COMPOSITE	unit-0008-attempt-001.stdout.log
21925225	33326	COMPOSITE	unit-0009-attempt-001.stdout.log
21925233	33326	COMPOSITE	unit-0009-attempt-001.stdout.log
21925245	33326	COMPOSITE	unit-0009-attempt-001.stdout.log
21925269	33326	COMPOSITE	unit-0009-attempt-001.stdout.log
21925273	33326	COMPOSITE	unit-0009-attempt-001.stdout.log
21925275	33326	COMPOSITE	unit-0009-attempt-001.stdout.log
21925333	33326	COMPOSITE	unit-0009-attempt-001.stdout.log
21925339	33326	COMPOSITE	unit-0009-attempt-001.stdout.log
21925353	33326	COMPOSITE	unit-0009-attempt-001.stdout.log
21925395	33326	COMPOSITE	unit-0009-attempt-001.stdout.log
21925407	33326	COMPOSITE	unit-0009-attempt-001.stdout.log
21925443	33326	COMPOSITE	unit-0009-attempt-001.stdout.log
21925455	33326	COMPOSITE	unit-0009-attempt-001.stdout.log
21925467	33326	COMPOSITE	unit-0009-attempt-001.stdout.log
21925473	33326	COMPOSITE	unit-0009-attempt-001.stdout.log
21925477	33326	COMPOSITE	unit-0009-attempt-001.stdout.log
21925497	33326	COMPOSITE	unit-0009-attempt-001.stdout.log
21925507	33326	COMPOSITE	unit-0009-attempt-001.stdout.log
21925513	33326	COMPOSITE	unit-0009-attempt-001.stdout.log
21925563	33326	COMPOSITE	unit-0009-attempt-001.stdout.log
21925567	33326	COMPOSITE	unit-0009-attempt-001.stdout.log
21925575	33326	COMPOSITE	unit-0009-attempt-001.stdout.log
21925605	33326	COMPOSITE	unit-0009-attempt-001.stdout.log
21925617	33326	COMPOSITE	unit-0009-attempt-001.stdout.log
21925645	33326	COMPOSITE	unit-0009-attempt-001.stdout.log
21925707	33326	COMPOSITE	unit-0009-attempt-001.stdout.log
21925747	33326	COMPOSITE	unit-0009-attempt-001.stdout.log
21925749	33326	COMPOSITE	unit-0009-attempt-001.stdout.log
21925773	33326	COMPOSITE	unit-0009-attempt-001.stdout.log
21925875	33326	COMPOSITE	unit-0009-attempt-001.stdout.log
21925887	33326	COMPOSITE	unit-0009-attempt-001.stdout.log
21925897	33326	COMPOSITE	unit-0009-attempt-001.stdout.log
21925903	33326	COMPOSITE	unit-0009-attempt-001.stdout.log
21925905	33326	COMPOSITE	unit-0009-attempt-001.stdout.log
21925915	33326	COMPOSITE	unit-0009-attempt-001.stdout.log
21925957	33326	COMPOSITE	unit-0009-attempt-001.stdout.log
21925969	33326	COMPOSITE	unit-0009-attempt-001.stdout.log
21925975	33326	COMPOSITE	unit-0009-attempt-001.stdout.log
21925977	33326	COMPOSITE	unit-0009-attempt-001.stdout.log
21926019	33326	COMPOSITE	unit-0009-attempt-001.stdout.log
21926023	33326	COMPOSITE	unit-0009-attempt-001.stdout.log
21926029	33326	COMPOSITE	unit-0009-attempt-001.stdout.log
21926055	33326	COMPOSITE	unit-0009-attempt-001.stdout.log
21926073	33326	COMPOSITE	unit-0009-attempt-001.stdout.log
21926079	33326	COMPOSITE	unit-0009-attempt-001.stdout.log
21926107	33326	COMPOSITE	unit-0009-attempt-001.stdout.log
21926145	33326	COMPOSITE	unit-0009-attempt-001.stdout.log
21926149	33326	COMPOSITE	unit-0009-attempt-001.stdout.log
21926209	33326	COMPOSITE	unit-0009-attempt-001.stdout.log
21926227	33326	COMPOSITE	unit-0009-attempt-001.stdout.log
21926233	33326	COMPOSITE	unit-0009-attempt-001.stdout.log
21926247	33326	COMPOSITE	unit-0009-attempt-001.stdout.log
21926263	33326	COMPOSITE	unit-0009-attempt-001.stdout.log
21926265	33326	COMPOSITE	unit-0009-attempt-001.stdout.log
21926269	33326	COMPOSITE	unit-0009-attempt-001.stdout.log
21926289	33326	COMPOSITE	unit-0009-attempt-001.stdout.log
21926313	33326	COMPOSITE	unit-0009-attempt-001.stdout.log
21926319	33326	COMPOSITE	unit-0009-attempt-001.stdout.log
21926353	33326	COMPOSITE	unit-0009-attempt-001.stdout.log
21926359	33326	COMPOSITE	unit-0009-attempt-001.stdout.log
21926379	33326	COMPOSITE	unit-0009-attempt-001.stdout.log
21926395	33326	COMPOSITE	unit-0009-attempt-001.stdout.log
21926403	33326	COMPOSITE	unit-0009-attempt-001.stdout.log
21926415	33326	COMPOSITE	unit-0009-attempt-001.stdout.log
21926445	33326	COMPOSITE	unit-0009-attempt-001.stdout.log
21926457	33326	COMPOSITE	unit-0009-attempt-001.stdout.log
21926467	33326	COMPOSITE	unit-0009-attempt-001.stdout.log
21926473	33326	COMPOSITE	unit-0009-attempt-001.stdout.log
21926475	33326	COMPOSITE	unit-0009-attempt-001.stdout.log
21926503	33326	COMPOSITE	unit-0009-attempt-001.stdout.log
21926517	33326	COMPOSITE	unit-0009-attempt-001.stdout.log
21926523	33326	COMPOSITE	unit-0009-attempt-001.stdout.log
21926535	33326	COMPOSITE	unit-0009-attempt-001.stdout.log
21926569	33326	COMPOSITE	unit-0009-attempt-001.stdout.log
21926593	33326	COMPOSITE	unit-0009-attempt-001.stdout.log
21926599	33326	COMPOSITE	unit-0009-attempt-001.stdout.log
21926659	33326	COMPOSITE	unit-0009-attempt-001.stdout.log
21926683	33326	COMPOSITE	unit-0009-attempt-001.stdout.log
21926685	33326	COMPOSITE	unit-0009-attempt-001.stdout.log
21926697	33326	COMPOSITE	unit-0009-attempt-001.stdout.log
21926727	33326	COMPOSITE	unit-0009-attempt-001.stdout.log
21926737	33326	COMPOSITE	unit-0009-attempt-001.stdout.log
21926755	33326	COMPOSITE	unit-0009-attempt-001.stdout.log
21926785	33326	COMPOSITE	unit-0009-attempt-001.stdout.log
21926799	33326	COMPOSITE	unit-0009-attempt-001.stdout.log
21926809	33326	COMPOSITE	unit-0009-attempt-001.stdout.log
21926829	33326	COMPOSITE	unit-0009-attempt-001.stdout.log
21926839	33326	COMPOSITE	unit-0009-attempt-001.stdout.log
21926853	33326	COMPOSITE	unit-0009-attempt-001.stdout.log
21926887	33326	COMPOSITE	unit-0009-attempt-001.stdout.log
21926907	33326	COMPOSITE	unit-0009-attempt-001.stdout.log
21926913	33326	COMPOSITE	unit-0009-attempt-001.stdout.log
21926925	33326	COMPOSITE	unit-0009-attempt-001.stdout.log
21926943	33326	COMPOSITE	unit-0009-attempt-001.stdout.log
21926995	33326	COMPOSITE	unit-0009-attempt-001.stdout.log
21927019	33326	COMPOSITE	unit-0009-attempt-001.stdout.log
21927039	33326	COMPOSITE	unit-0009-attempt-001.stdout.log
21927067	33326	COMPOSITE	unit-0009-attempt-001.stdout.log
21927073	33326	COMPOSITE	unit-0009-attempt-001.stdout.log
21927075	33326	COMPOSITE	unit-0009-attempt-001.stdout.log
21927093	33326	COMPOSITE	unit-0010-attempt-001.stdout.log
21927139	33326	COMPOSITE	unit-0010-attempt-001.stdout.log
21927159	33326	COMPOSITE	unit-0010-attempt-001.stdout.log
21927165	33326	COMPOSITE	unit-0010-attempt-001.stdout.log
21927205	33326	COMPOSITE	unit-0010-attempt-001.stdout.log
21927213	33326	COMPOSITE	unit-0010-attempt-001.stdout.log
21927223	33326	COMPOSITE	unit-0010-attempt-001.stdout.log
21927229	33326	COMPOSITE	unit-0010-attempt-001.stdout.log
21927273	33326	COMPOSITE	unit-0010-attempt-001.stdout.log
21927277	33326	COMPOSITE	unit-0010-attempt-001.stdout.log
21927297	33326	COMPOSITE	unit-0010-attempt-001.stdout.log
21927319	33326	COMPOSITE	unit-0010-attempt-001.stdout.log
21927343	33326	COMPOSITE	unit-0010-attempt-001.stdout.log
21927345	33326	COMPOSITE	unit-0010-attempt-001.stdout.log
21927367	33326	COMPOSITE	unit-0010-attempt-001.stdout.log
21927397	33326	COMPOSITE	unit-0010-attempt-001.stdout.log
21927399	33326	COMPOSITE	unit-0010-attempt-001.stdout.log
21927447	33326	COMPOSITE	unit-0010-attempt-001.stdout.log
21927457	33326	COMPOSITE	unit-0010-attempt-001.stdout.log
21927459	33326	COMPOSITE	unit-0010-attempt-001.stdout.log
21927489	33326	COMPOSITE	unit-0010-attempt-001.stdout.log
21927529	33326	COMPOSITE	unit-0010-attempt-001.stdout.log
21927535	33326	COMPOSITE	unit-0010-attempt-001.stdout.log
21927585	33326	COMPOSITE	unit-0010-attempt-001.stdout.log
21927607	33326	COMPOSITE	unit-0010-attempt-001.stdout.log
21927627	33326	COMPOSITE	unit-0010-attempt-001.stdout.log
21927639	33326	COMPOSITE	unit-0010-attempt-001.stdout.log
21927643	33326	COMPOSITE	unit-0010-attempt-001.stdout.log
21927663	33326	COMPOSITE	unit-0010-attempt-001.stdout.log
21927685	33326	COMPOSITE	unit-0010-attempt-001.stdout.log
21927733	33326	COMPOSITE	unit-0010-attempt-001.stdout.log
21927745	33326	COMPOSITE	unit-0010-attempt-001.stdout.log
21927783	33326	COMPOSITE	unit-0010-attempt-001.stdout.log
21927789	33326	COMPOSITE	unit-0010-attempt-001.stdout.log
21927819	33326	COMPOSITE	unit-0010-attempt-001.stdout.log
21927825	33326	COMPOSITE	unit-0010-attempt-001.stdout.log
21927847	33326	COMPOSITE	unit-0010-attempt-001.stdout.log
21927867	33326	COMPOSITE	unit-0010-attempt-001.stdout.log
21927873	33326	COMPOSITE	unit-0010-attempt-001.stdout.log
21927915	33326	COMPOSITE	unit-0010-attempt-001.stdout.log
21927919	33326	COMPOSITE	unit-0010-attempt-001.stdout.log
21927943	33326	COMPOSITE	unit-0010-attempt-001.stdout.log
21927949	33326	COMPOSITE	unit-0010-attempt-001.stdout.log
21927955	33326	COMPOSITE	unit-0010-attempt-001.stdout.log
21927975	33326	COMPOSITE	unit-0010-attempt-001.stdout.log
21927979	33326	COMPOSITE	unit-0010-attempt-001.stdout.log
21927993	33326	COMPOSITE	unit-0010-attempt-001.stdout.log
21927999	33326	COMPOSITE	unit-0010-attempt-001.stdout.log
21928017	33326	COMPOSITE	unit-0010-attempt-001.stdout.log
21928027	33326	COMPOSITE	unit-0010-attempt-001.stdout.log
21928029	33326	COMPOSITE	unit-0010-attempt-001.stdout.log
21928047	33326	COMPOSITE	unit-0010-attempt-001.stdout.log
21928059	33326	COMPOSITE	unit-0010-attempt-001.stdout.log
21928063	33326	COMPOSITE	unit-0010-attempt-001.stdout.log
21928105	33326	COMPOSITE	unit-0010-attempt-001.stdout.log
21928119	33326	COMPOSITE	unit-0010-attempt-001.stdout.log
21928123	33326	COMPOSITE	unit-0010-attempt-001.stdout.log
21928137	33326	COMPOSITE	unit-0010-attempt-001.stdout.log
21928155	33326	COMPOSITE	unit-0010-attempt-001.stdout.log
21928183	33326	COMPOSITE	unit-0010-attempt-001.stdout.log
21928189	33326	COMPOSITE	unit-0010-attempt-001.stdout.log
21928197	33326	COMPOSITE	unit-0010-attempt-001.stdout.log
21928203	33326	COMPOSITE	unit-0010-attempt-001.stdout.log
21928215	33326	COMPOSITE	unit-0010-attempt-001.stdout.log
21928257	33326	COMPOSITE	unit-0010-attempt-001.stdout.log
21928267	33326	COMPOSITE	unit-0010-attempt-001.stdout.log
21928309	33326	COMPOSITE	unit-0010-attempt-001.stdout.log
21928323	33326	COMPOSITE	unit-0010-attempt-001.stdout.log
21928327	33326	COMPOSITE	unit-0010-attempt-001.stdout.log
21928369	33326	COMPOSITE	unit-0010-attempt-001.stdout.log
21928399	33326	COMPOSITE	unit-0010-attempt-001.stdout.log
21928405	33326	COMPOSITE	unit-0010-attempt-001.stdout.log
21928413	33326	COMPOSITE	unit-0010-attempt-001.stdout.log
21928425	33326	COMPOSITE	unit-0010-attempt-001.stdout.log
21928447	33326	COMPOSITE	unit-0010-attempt-001.stdout.log
21928467	33326	COMPOSITE	unit-0010-attempt-001.stdout.log
21928489	33326	COMPOSITE	unit-0010-attempt-001.stdout.log
21928515	33326	COMPOSITE	unit-0010-attempt-001.stdout.log
21928525	33326	COMPOSITE	unit-0010-attempt-001.stdout.log
21928549	33326	COMPOSITE	unit-0010-attempt-001.stdout.log
21928563	33326	COMPOSITE	unit-0010-attempt-001.stdout.log
21928599	33326	COMPOSITE	unit-0010-attempt-001.stdout.log
21928659	33326	COMPOSITE	unit-0010-attempt-001.stdout.log
21928683	33326	COMPOSITE	unit-0010-attempt-001.stdout.log
21928699	33326	COMPOSITE	unit-0010-attempt-001.stdout.log
21928725	33326	COMPOSITE	unit-0010-attempt-001.stdout.log
21928735	33326	COMPOSITE	unit-0010-attempt-001.stdout.log
21928773	33326	COMPOSITE	unit-0010-attempt-001.stdout.log
21928785	33326	COMPOSITE	unit-0010-attempt-001.stdout.log
21928873	33326	COMPOSITE	unit-0010-attempt-001.stdout.log
21928879	33326	COMPOSITE	unit-0010-attempt-001.stdout.log
21928885	33326	COMPOSITE	unit-0010-attempt-001.stdout.log
21928893	33326	COMPOSITE	unit-0010-attempt-001.stdout.log
21928915	33326	COMPOSITE	unit-0010-attempt-001.stdout.log
21928917	33326	COMPOSITE	unit-0010-attempt-001.stdout.log
21928945	33326	COMPOSITE	unit-0010-attempt-001.stdout.log
21928963	33326	COMPOSITE	unit-0010-attempt-001.stdout.log
21928969	33326	COMPOSITE	unit-0010-attempt-001.stdout.log
21928995	33326	COMPOSITE	unit-0010-attempt-001.stdout.log
21928999	33326	COMPOSITE	unit-0010-attempt-001.stdout.log
21929005	33326	COMPOSITE	unit-0011-attempt-001.stdout.log
21929019	33326	COMPOSITE	unit-0011-attempt-001.stdout.log
21929025	33326	COMPOSITE	unit-0011-attempt-001.stdout.log
21929029	33326	COMPOSITE	unit-0011-attempt-001.stdout.log
21929037	33326	COMPOSITE	unit-0011-attempt-001.stdout.log
21929047	33326	COMPOSITE	unit-0011-attempt-001.stdout.log
21929077	33326	COMPOSITE	unit-0011-attempt-001.stdout.log
21929083	33326	COMPOSITE	unit-0011-attempt-001.stdout.log
21929097	33326	COMPOSITE	unit-0011-attempt-001.stdout.log
21929107	33326	COMPOSITE	unit-0011-attempt-001.stdout.log
21929109	33326	COMPOSITE	unit-0011-attempt-001.stdout.log
21929113	33326	COMPOSITE	unit-0011-attempt-001.stdout.log
21929145	33326	COMPOSITE	unit-0011-attempt-001.stdout.log
21929169	33326	COMPOSITE	unit-0011-attempt-001.stdout.log
21929187	33326	COMPOSITE	unit-0011-attempt-001.stdout.log
21929193	33326	COMPOSITE	unit-0011-attempt-001.stdout.log
21929217	33326	COMPOSITE	unit-0011-attempt-001.stdout.log
21929275	33326	COMPOSITE	unit-0011-attempt-001.stdout.log
21929277	33326	COMPOSITE	unit-0011-attempt-001.stdout.log
21929307	33326	COMPOSITE	unit-0011-attempt-001.stdout.log
21929335	33326	COMPOSITE	unit-0011-attempt-001.stdout.log
21929347	33326	COMPOSITE	unit-0011-attempt-001.stdout.log
21929355	33326	COMPOSITE	unit-0011-attempt-001.stdout.log
21929359	33326	COMPOSITE	unit-0011-attempt-001.stdout.log
21929377	33326	COMPOSITE	unit-0011-attempt-001.stdout.log
21929407	33326	COMPOSITE	unit-0011-attempt-001.stdout.log
21929413	33326	COMPOSITE	unit-0011-attempt-001.stdout.log
21929433	33326	COMPOSITE	unit-0011-attempt-001.stdout.log
21929445	33326	COMPOSITE	unit-0011-attempt-001.stdout.log
21929509	33326	COMPOSITE	unit-0011-attempt-001.stdout.log
21929515	33326	COMPOSITE	unit-0011-attempt-001.stdout.log
21929527	33326	COMPOSITE	unit-0011-attempt-001.stdout.log
21929533	33326	COMPOSITE	unit-0011-attempt-001.stdout.log
21929545	33326	COMPOSITE	unit-0011-attempt-001.stdout.log
21929559	33326	COMPOSITE	unit-0011-attempt-001.stdout.log
21929565	33326	COMPOSITE	unit-0011-attempt-001.stdout.log
21929569	33326	COMPOSITE	unit-0011-attempt-001.stdout.log
21929629	33326	COMPOSITE	unit-0011-attempt-001.stdout.log
21929635	33326	COMPOSITE	unit-0011-attempt-001.stdout.log
21929637	33326	COMPOSITE	unit-0011-attempt-001.stdout.log
21929649	33326	COMPOSITE	unit-0011-attempt-001.stdout.log
21929659	33326	COMPOSITE	unit-0011-attempt-001.stdout.log
21929695	33326	COMPOSITE	unit-0011-attempt-001.stdout.log
21929697	33326	COMPOSITE	unit-0011-attempt-001.stdout.log
21929713	33326	COMPOSITE	unit-0011-attempt-001.stdout.log
21929733	33326	COMPOSITE	unit-0011-attempt-001.stdout.log
21929739	33326	COMPOSITE	unit-0011-attempt-001.stdout.log
21929767	33326	COMPOSITE	unit-0011-attempt-001.stdout.log
21929797	33326	COMPOSITE	unit-0011-attempt-001.stdout.log
21929839	33326	COMPOSITE	unit-0011-attempt-001.stdout.log
21929919	33326	COMPOSITE	unit-0011-attempt-001.stdout.log
21929923	33326	COMPOSITE	unit-0011-attempt-001.stdout.log
21929965	33326	COMPOSITE	unit-0011-attempt-001.stdout.log
21929967	33326	COMPOSITE	unit-0011-attempt-001.stdout.log
21929985	33326	COMPOSITE	unit-0011-attempt-001.stdout.log
21929995	33326	COMPOSITE	unit-0011-attempt-001.stdout.log
21930003	33326	COMPOSITE	unit-0011-attempt-001.stdout.log
21930007	33326	COMPOSITE	unit-0011-attempt-001.stdout.log
21930037	33326	COMPOSITE	unit-0011-attempt-001.stdout.log
21930073	33326	COMPOSITE	unit-0011-attempt-001.stdout.log
21930075	33326	COMPOSITE	unit-0011-attempt-001.stdout.log
21930099	33326	COMPOSITE	unit-0011-attempt-001.stdout.log
21930127	33326	COMPOSITE	unit-0011-attempt-001.stdout.log
21930129	33326	COMPOSITE	unit-0011-attempt-001.stdout.log
21930133	33326	COMPOSITE	unit-0011-attempt-001.stdout.log
21930169	33326	COMPOSITE	unit-0011-attempt-001.stdout.log
21930177	33326	COMPOSITE	unit-0011-attempt-001.stdout.log
21930195	33326	COMPOSITE	unit-0011-attempt-001.stdout.log
21930199	33326	COMPOSITE	unit-0011-attempt-001.stdout.log
21930205	33326	COMPOSITE	unit-0011-attempt-001.stdout.log
21930213	33326	COMPOSITE	unit-0011-attempt-001.stdout.log
21930243	33326	COMPOSITE	unit-0011-attempt-001.stdout.log
21930253	33326	COMPOSITE	unit-0011-attempt-001.stdout.log
21930289	33326	COMPOSITE	unit-0011-attempt-001.stdout.log
21930295	33326	COMPOSITE	unit-0011-attempt-001.stdout.log
21930313	33326	COMPOSITE	unit-0011-attempt-001.stdout.log
21930325	33326	COMPOSITE	unit-0011-attempt-001.stdout.log
21930367	33326	COMPOSITE	unit-0011-attempt-001.stdout.log
21930373	33326	COMPOSITE	unit-0011-attempt-001.stdout.log
21930423	33326	COMPOSITE	unit-0011-attempt-001.stdout.log
21930447	33326	COMPOSITE	unit-0011-attempt-001.stdout.log
21930477	33326	COMPOSITE	unit-0011-attempt-001.stdout.log
21930499	33326	COMPOSITE	unit-0011-attempt-001.stdout.log
21930537	33326	COMPOSITE	unit-0011-attempt-001.stdout.log
21930559	33326	COMPOSITE	unit-0011-attempt-001.stdout.log
21930573	33326	COMPOSITE	unit-0011-attempt-001.stdout.log
21930583	33326	COMPOSITE	unit-0011-attempt-001.stdout.log
21930589	33326	COMPOSITE	unit-0011-attempt-001.stdout.log
21930595	33326	COMPOSITE	unit-0011-attempt-001.stdout.log
21930597	33326	COMPOSITE	unit-0011-attempt-001.stdout.log
21930603	33326	COMPOSITE	unit-0011-attempt-001.stdout.log
21930609	33326	COMPOSITE	unit-0011-attempt-001.stdout.log
21930643	33326	COMPOSITE	unit-0011-attempt-001.stdout.log
21930663	33326	COMPOSITE	unit-0011-attempt-001.stdout.log
21930667	33326	COMPOSITE	unit-0011-attempt-001.stdout.log
21930685	33326	COMPOSITE	unit-0011-attempt-001.stdout.log
21930745	33326	COMPOSITE	unit-0011-attempt-001.stdout.log
21930775	33326	COMPOSITE	unit-0011-attempt-001.stdout.log
21930787	33326	COMPOSITE	unit-0011-attempt-001.stdout.log
21930807	33326	COMPOSITE	unit-0011-attempt-001.stdout.log
21930813	33326	COMPOSITE	unit-0012-attempt-001.stdout.log
21930817	33326	COMPOSITE	unit-0012-attempt-001.stdout.log
21930853	33326	COMPOSITE	unit-0012-attempt-001.stdout.log
21930883	33326	COMPOSITE	unit-0012-attempt-001.stdout.log
21930913	33326	COMPOSITE	unit-0012-attempt-001.stdout.log
21930927	33326	COMPOSITE	unit-0012-attempt-001.stdout.log
21930939	33326	COMPOSITE	unit-0012-attempt-001.stdout.log
21930987	33326	COMPOSITE	unit-0012-attempt-001.stdout.log
21931017	33326	COMPOSITE	unit-0012-attempt-001.stdout.log
21931035	33326	COMPOSITE	unit-0012-attempt-001.stdout.log
21931083	33326	COMPOSITE	unit-0012-attempt-001.stdout.log
21931093	33326	COMPOSITE	unit-0012-attempt-001.stdout.log
21931119	33326	COMPOSITE	unit-0012-attempt-001.stdout.log
21931137	33326	COMPOSITE	unit-0012-attempt-001.stdout.log
21931143	33326	COMPOSITE	unit-0012-attempt-001.stdout.log
21931147	33326	COMPOSITE	unit-0012-attempt-001.stdout.log
21931149	33326	COMPOSITE	unit-0012-attempt-001.stdout.log
21931155	33326	COMPOSITE	unit-0012-attempt-001.stdout.log
21931165	33326	COMPOSITE	unit-0012-attempt-001.stdout.log
21931167	33326	COMPOSITE	unit-0012-attempt-001.stdout.log
21931195	33326	COMPOSITE	unit-0012-attempt-001.stdout.log
21931233	33326	COMPOSITE	unit-0012-attempt-001.stdout.log
21931239	33326	COMPOSITE	unit-0012-attempt-001.stdout.log
21931255	33326	COMPOSITE	unit-0012-attempt-001.stdout.log
21931293	33326	COMPOSITE	unit-0012-attempt-001.stdout.log
21931317	33326	COMPOSITE	unit-0012-attempt-001.stdout.log
21931323	33326	COMPOSITE	unit-0012-attempt-001.stdout.log
21931353	33326	COMPOSITE	unit-0012-attempt-001.stdout.log
21931357	33326	COMPOSITE	unit-0012-attempt-001.stdout.log
21931359	33326	COMPOSITE	unit-0012-attempt-001.stdout.log
21931365	33326	COMPOSITE	unit-0012-attempt-001.stdout.log
21931405	33326	COMPOSITE	unit-0012-attempt-001.stdout.log
21931483	33326	COMPOSITE	unit-0012-attempt-001.stdout.log
21931485	33326	COMPOSITE	unit-0012-attempt-001.stdout.log
21931527	33326	COMPOSITE	unit-0012-attempt-001.stdout.log
21931557	33326	COMPOSITE	unit-0012-attempt-001.stdout.log
21931573	33326	COMPOSITE	unit-0012-attempt-001.stdout.log
21931587	33326	COMPOSITE	unit-0012-attempt-001.stdout.log
21931609	33326	COMPOSITE	unit-0012-attempt-001.stdout.log
21931615	33326	COMPOSITE	unit-0012-attempt-001.stdout.log
21931623	33326	COMPOSITE	unit-0012-attempt-001.stdout.log
21931687	33326	COMPOSITE	unit-0012-attempt-001.stdout.log
21931723	33326	COMPOSITE	unit-0012-attempt-001.stdout.log
21931735	33326	COMPOSITE	unit-0012-attempt-001.stdout.log
21931743	33326	COMPOSITE	unit-0012-attempt-001.stdout.log
21931779	33326	COMPOSITE	unit-0012-attempt-001.stdout.log
21931785	33326	COMPOSITE	unit-0012-attempt-001.stdout.log
21931827	33326	COMPOSITE	unit-0012-attempt-001.stdout.log
21931837	33326	COMPOSITE	unit-0012-attempt-001.stdout.log
21931855	33326	COMPOSITE	unit-0012-attempt-001.stdout.log
21931863	33326	COMPOSITE	unit-0012-attempt-001.stdout.log
21931867	33326	COMPOSITE	unit-0012-attempt-001.stdout.log
21931869	33326	COMPOSITE	unit-0012-attempt-001.stdout.log
21931879	33326	COMPOSITE	unit-0012-attempt-001.stdout.log
21931885	33326	COMPOSITE	unit-0012-attempt-001.stdout.log
21931945	33326	COMPOSITE	unit-0012-attempt-001.stdout.log
21931963	33326	COMPOSITE	unit-0012-attempt-001.stdout.log
21931977	33326	COMPOSITE	unit-0012-attempt-001.stdout.log
21931989	33326	COMPOSITE	unit-0012-attempt-001.stdout.log
21932047	33326	COMPOSITE	unit-0012-attempt-001.stdout.log
21932067	33326	COMPOSITE	unit-0012-attempt-001.stdout.log
21932085	33326	COMPOSITE	unit-0012-attempt-001.stdout.log
21932089	33326	COMPOSITE	unit-0012-attempt-001.stdout.log
21932179	33326	COMPOSITE	unit-0012-attempt-001.stdout.log
21932197	33326	COMPOSITE	unit-0012-attempt-001.stdout.log
21932259	33326	COMPOSITE	unit-0012-attempt-001.stdout.log
21932275	33326	COMPOSITE	unit-0012-attempt-001.stdout.log
21932299	33326	COMPOSITE	unit-0012-attempt-001.stdout.log
21932397	33326	COMPOSITE	unit-0012-attempt-001.stdout.log
21932409	33326	COMPOSITE	unit-0012-attempt-001.stdout.log
21932413	33326	COMPOSITE	unit-0012-attempt-001.stdout.log
21932415	33326	COMPOSITE	unit-0012-attempt-001.stdout.log
21932437	33326	COMPOSITE	unit-0012-attempt-001.stdout.log
21932445	33326	COMPOSITE	unit-0012-attempt-001.stdout.log
21932457	33326	COMPOSITE	unit-0012-attempt-001.stdout.log
21932469	33326	COMPOSITE	unit-0012-attempt-001.stdout.log
21932493	33326	COMPOSITE	unit-0012-attempt-001.stdout.log
21932509	33326	COMPOSITE	unit-0012-attempt-001.stdout.log
21932523	33326	COMPOSITE	unit-0012-attempt-001.stdout.log
21932527	33326	COMPOSITE	unit-0012-attempt-001.stdout.log
21932533	33326	COMPOSITE	unit-0012-attempt-001.stdout.log
21932547	33326	COMPOSITE	unit-0012-attempt-001.stdout.log
21932553	33326	COMPOSITE	unit-0012-attempt-001.stdout.log
21932575	33326	COMPOSITE	unit-0012-attempt-001.stdout.log
21932599	33326	COMPOSITE	unit-0012-attempt-001.stdout.log
21932605	33326	COMPOSITE	unit-0012-attempt-001.stdout.log
21932607	33326	COMPOSITE	unit-0012-attempt-001.stdout.log
21932617	33326	COMPOSITE	unit-0012-attempt-001.stdout.log
21932619	33326	COMPOSITE	unit-0012-attempt-001.stdout.log
21932659	33326	COMPOSITE	unit-0012-attempt-001.stdout.log
21932707	33326	COMPOSITE	unit-0012-attempt-001.stdout.log
21932725	33326	COMPOSITE	unit-0012-attempt-001.stdout.log
21932737	33326	COMPOSITE	unit-0012-attempt-001.stdout.log
21932787	33326	COMPOSITE	unit-0012-attempt-001.stdout.log
21932793	33326	COMPOSITE	unit-0012-attempt-001.stdout.log
21932803	33326	COMPOSITE	unit-0012-attempt-001.stdout.log
21932827	33326	COMPOSITE	unit-0012-attempt-001.stdout.log
21932857	33326	COMPOSITE	unit-0012-attempt-001.stdout.log
21932889	33326	COMPOSITE	unit-0012-attempt-001.stdout.log
21932893	33326	COMPOSITE	unit-0012-attempt-001.stdout.log
21932973	33326	COMPOSITE	unit-0013-attempt-001.stdout.log
21932989	33326	COMPOSITE	unit-0013-attempt-001.stdout.log
21932995	33326	COMPOSITE	unit-0013-attempt-001.stdout.log
21932997	33326	COMPOSITE	unit-0013-attempt-001.stdout.log
21933009	33326	COMPOSITE	unit-0013-attempt-001.stdout.log
21933019	33326	COMPOSITE	unit-0013-attempt-001.stdout.log
21933045	33326	COMPOSITE	unit-0013-attempt-001.stdout.log
21933079	33326	COMPOSITE	unit-0013-attempt-001.stdout.log
21933087	33326	COMPOSITE	unit-0013-attempt-001.stdout.log
21933099	33326	COMPOSITE	unit-0013-attempt-001.stdout.log
21933103	33326	COMPOSITE	unit-0013-attempt-001.stdout.log
21933153	33326	COMPOSITE	unit-0013-attempt-001.stdout.log
21933169	33326	COMPOSITE	unit-0013-attempt-001.stdout.log
21933177	33326	COMPOSITE	unit-0013-attempt-001.stdout.log
21933199	33326	COMPOSITE	unit-0013-attempt-001.stdout.log
21933207	33326	COMPOSITE	unit-0013-attempt-001.stdout.log
21933219	33326	COMPOSITE	unit-0013-attempt-001.stdout.log
21933255	33326	COMPOSITE	unit-0013-attempt-001.stdout.log
21933285	33326	COMPOSITE	unit-0013-attempt-001.stdout.log
21933319	33326	COMPOSITE	unit-0013-attempt-001.stdout.log
21933327	33326	COMPOSITE	unit-0013-attempt-001.stdout.log
21933337	33326	COMPOSITE	unit-0013-attempt-001.stdout.log
21933339	33326	COMPOSITE	unit-0013-attempt-001.stdout.log
21933363	33326	COMPOSITE	unit-0013-attempt-001.stdout.log
21933375	33326	COMPOSITE	unit-0013-attempt-001.stdout.log
21933387	33326	COMPOSITE	unit-0013-attempt-001.stdout.log
21933435	33326	COMPOSITE	unit-0013-attempt-001.stdout.log
21933453	33326	COMPOSITE	unit-0013-attempt-001.stdout.log
21933495	33326	COMPOSITE	unit-0013-attempt-001.stdout.log
21933513	33326	COMPOSITE	unit-0013-attempt-001.stdout.log
21933547	33326	COMPOSITE	unit-0013-attempt-001.stdout.log
21933559	33326	COMPOSITE	unit-0013-attempt-001.stdout.log
21933579	33326	COMPOSITE	unit-0013-attempt-001.stdout.log
21933585	33326	COMPOSITE	unit-0013-attempt-001.stdout.log
21933607	33326	COMPOSITE	unit-0013-attempt-001.stdout.log
21933613	33326	COMPOSITE	unit-0013-attempt-001.stdout.log
21933627	33326	COMPOSITE	unit-0013-attempt-001.stdout.log
21933639	33326	COMPOSITE	unit-0013-attempt-001.stdout.log
21933645	33326	COMPOSITE	unit-0013-attempt-001.stdout.log
21933667	33326	COMPOSITE	unit-0013-attempt-001.stdout.log
21933717	33326	COMPOSITE	unit-0013-attempt-001.stdout.log
21933729	33326	COMPOSITE	unit-0013-attempt-001.stdout.log
21933757	33326	COMPOSITE	unit-0013-attempt-001.stdout.log
21933769	33326	COMPOSITE	unit-0013-attempt-001.stdout.log
21933783	33326	COMPOSITE	unit-0013-attempt-001.stdout.log
21933789	33326	COMPOSITE	unit-0013-attempt-001.stdout.log
21933799	33326	COMPOSITE	unit-0013-attempt-001.stdout.log
21933813	33326	COMPOSITE	unit-0013-attempt-001.stdout.log
21933843	33326	COMPOSITE	unit-0013-attempt-001.stdout.log
21933853	33326	COMPOSITE	unit-0013-attempt-001.stdout.log
21933859	33326	COMPOSITE	unit-0013-attempt-001.stdout.log
21933867	33326	COMPOSITE	unit-0013-attempt-001.stdout.log
21933919	33326	COMPOSITE	unit-0013-attempt-001.stdout.log
21933927	33326	COMPOSITE	unit-0013-attempt-001.stdout.log
21933955	33326	COMPOSITE	unit-0013-attempt-001.stdout.log
21933999	33326	COMPOSITE	unit-0013-attempt-001.stdout.log
21934009	33326	COMPOSITE	unit-0013-attempt-001.stdout.log
21934023	33326	COMPOSITE	unit-0013-attempt-001.stdout.log
21934033	33326	COMPOSITE	unit-0013-attempt-001.stdout.log
21934053	33326	COMPOSITE	unit-0013-attempt-001.stdout.log
21934075	33326	COMPOSITE	unit-0013-attempt-001.stdout.log
21934107	33326	COMPOSITE	unit-0013-attempt-001.stdout.log
21934117	33326	COMPOSITE	unit-0013-attempt-001.stdout.log
21934119	33326	COMPOSITE	unit-0013-attempt-001.stdout.log
21934135	33326	COMPOSITE	unit-0013-attempt-001.stdout.log
21934147	33326	COMPOSITE	unit-0013-attempt-001.stdout.log
21934165	33326	COMPOSITE	unit-0013-attempt-001.stdout.log
21934185	33326	COMPOSITE	unit-0013-attempt-001.stdout.log
21934207	33326	COMPOSITE	unit-0013-attempt-001.stdout.log
21934209	33326	COMPOSITE	unit-0013-attempt-001.stdout.log
21934255	33326	COMPOSITE	unit-0013-attempt-001.stdout.log
21934285	33326	COMPOSITE	unit-0013-attempt-001.stdout.log
21934299	33326	COMPOSITE	unit-0013-attempt-001.stdout.log
21934329	33326	COMPOSITE	unit-0013-attempt-001.stdout.log
21934333	33326	COMPOSITE	unit-0013-attempt-001.stdout.log
21934339	33326	COMPOSITE	unit-0013-attempt-001.stdout.log
21934353	33326	COMPOSITE	unit-0013-attempt-001.stdout.log
21934429	33326	COMPOSITE	unit-0013-attempt-001.stdout.log
21934443	33326	COMPOSITE	unit-0013-attempt-001.stdout.log
21934453	33326	COMPOSITE	unit-0013-attempt-001.stdout.log
21934485	33326	COMPOSITE	unit-0013-attempt-001.stdout.log
21934593	33326	COMPOSITE	unit-0013-attempt-001.stdout.log
21934629	33326	COMPOSITE	unit-0013-attempt-001.stdout.log
21934639	33326	COMPOSITE	unit-0013-attempt-001.stdout.log
21934653	33326	COMPOSITE	unit-0013-attempt-001.stdout.log
21934707	33326	COMPOSITE	unit-0013-attempt-001.stdout.log
21934713	33326	COMPOSITE	unit-0013-attempt-001.stdout.log
21934717	33326	COMPOSITE	unit-0013-attempt-001.stdout.log
21934719	33326	COMPOSITE	unit-0013-attempt-001.stdout.log
21934735	33326	COMPOSITE	unit-0013-attempt-001.stdout.log
21934753	33326	COMPOSITE	unit-0013-attempt-001.stdout.log
21934755	33326	COMPOSITE	unit-0013-attempt-001.stdout.log
21934777	33326	COMPOSITE	unit-0013-attempt-001.stdout.log
21934789	33326	COMPOSITE	unit-0013-attempt-001.stdout.log
21934839	33326	COMPOSITE	unit-0013-attempt-001.stdout.log
21934845	33326	COMPOSITE	unit-0013-attempt-001.stdout.log
21934849	33326	COMPOSITE	unit-0013-attempt-001.stdout.log
21934857	33326	COMPOSITE	unit-0013-attempt-001.stdout.log
21934879	33326	COMPOSITE	unit-0013-attempt-001.stdout.log
21934905	33326	COMPOSITE	unit-0013-attempt-001.stdout.log
21934915	33326	COMPOSITE	unit-0014-attempt-001.stdout.log
21934927	33326	COMPOSITE	unit-0014-attempt-001.stdout.log
21935053	33326	COMPOSITE	unit-0014-attempt-001.stdout.log
21935097	33326	COMPOSITE	unit-0014-attempt-001.stdout.log
21935115	33326	COMPOSITE	unit-0014-attempt-001.stdout.log
21935127	33326	COMPOSITE	unit-0014-attempt-001.stdout.log
21935167	33326	COMPOSITE	unit-0014-attempt-001.stdout.log
21935173	33326	COMPOSITE	unit-0014-attempt-001.stdout.log
21935187	33326	COMPOSITE	unit-0014-attempt-001.stdout.log
21935193	33326	COMPOSITE	unit-0014-attempt-001.stdout.log
21935197	33326	COMPOSITE	unit-0014-attempt-001.stdout.log
21935223	33326	COMPOSITE	unit-0014-attempt-001.stdout.log
21935269	33326	COMPOSITE	unit-0014-attempt-001.stdout.log
21935313	33326	COMPOSITE	unit-0014-attempt-001.stdout.log
21935323	33326	COMPOSITE	unit-0014-attempt-001.stdout.log
21935325	33326	COMPOSITE	unit-0014-attempt-001.stdout.log
21935347	33326	COMPOSITE	unit-0014-attempt-001.stdout.log
21935349	33326	COMPOSITE	unit-0014-attempt-001.stdout.log
21935355	33326	COMPOSITE	unit-0014-attempt-001.stdout.log
21935455	33326	COMPOSITE	unit-0014-attempt-001.stdout.log
21935473	33326	COMPOSITE	unit-0014-attempt-001.stdout.log
21935493	33326	COMPOSITE	unit-0014-attempt-001.stdout.log
21935497	33326	COMPOSITE	unit-0014-attempt-001.stdout.log
21935517	33326	COMPOSITE	unit-0014-attempt-001.stdout.log
21935533	33326	COMPOSITE	unit-0014-attempt-001.stdout.log
21935539	33326	COMPOSITE	unit-0014-attempt-001.stdout.log
21935545	33326	COMPOSITE	unit-0014-attempt-001.stdout.log
21935563	33326	COMPOSITE	unit-0014-attempt-001.stdout.log
21935643	33326	COMPOSITE	unit-0014-attempt-001.stdout.log
21935719	33326	COMPOSITE	unit-0014-attempt-001.stdout.log
21935743	33326	COMPOSITE	unit-0014-attempt-001.stdout.log
21935757	33326	COMPOSITE	unit-0014-attempt-001.stdout.log
21935763	33326	COMPOSITE	unit-0014-attempt-001.stdout.log
21935767	33326	COMPOSITE	unit-0014-attempt-001.stdout.log
21935773	33326	COMPOSITE	unit-0014-attempt-001.stdout.log
21935809	33326	COMPOSITE	unit-0014-attempt-001.stdout.log
21935815	33326	COMPOSITE	unit-0014-attempt-001.stdout.log
21935817	33326	COMPOSITE	unit-0014-attempt-001.stdout.log
21935823	33326	COMPOSITE	unit-0014-attempt-001.stdout.log
21935833	33326	COMPOSITE	unit-0014-attempt-001.stdout.log
21935859	33326	COMPOSITE	unit-0014-attempt-001.stdout.log
21935899	33326	COMPOSITE	unit-0014-attempt-001.stdout.log
21935907	33326	COMPOSITE	unit-0014-attempt-001.stdout.log
21935973	33326	COMPOSITE	unit-0014-attempt-001.stdout.log
21935983	33326	COMPOSITE	unit-0014-attempt-001.stdout.log
21936033	33326	COMPOSITE	unit-0014-attempt-001.stdout.log
21936039	33326	COMPOSITE	unit-0014-attempt-001.stdout.log
21936069	33326	COMPOSITE	unit-0014-attempt-001.stdout.log
21936075	33326	COMPOSITE	unit-0014-attempt-001.stdout.log
21936093	33326	COMPOSITE	unit-0014-attempt-001.stdout.log
21936097	33326	COMPOSITE	unit-0014-attempt-001.stdout.log
21936103	33326	COMPOSITE	unit-0014-attempt-001.stdout.log
21936109	33326	COMPOSITE	unit-0014-attempt-001.stdout.log
21936135	33326	COMPOSITE	unit-0014-attempt-001.stdout.log
21936139	33326	COMPOSITE	unit-0014-attempt-001.stdout.log
21936153	33326	COMPOSITE	unit-0014-attempt-001.stdout.log
21936169	33326	COMPOSITE	unit-0014-attempt-001.stdout.log
21936183	33326	COMPOSITE	unit-0014-attempt-001.stdout.log
21936189	33326	COMPOSITE	unit-0014-attempt-001.stdout.log
21936219	33326	COMPOSITE	unit-0014-attempt-001.stdout.log
21936223	33326	COMPOSITE	unit-0014-attempt-001.stdout.log
21936225	33326	COMPOSITE	unit-0014-attempt-001.stdout.log
21936247	33326	COMPOSITE	unit-0014-attempt-001.stdout.log
21936277	33326	COMPOSITE	unit-0014-attempt-001.stdout.log
21936285	33326	COMPOSITE	unit-0014-attempt-001.stdout.log
21936289	33326	COMPOSITE	unit-0014-attempt-001.stdout.log
21936295	33326	COMPOSITE	unit-0014-attempt-001.stdout.log
21936315	33326	COMPOSITE	unit-0014-attempt-001.stdout.log
21936343	33326	COMPOSITE	unit-0014-attempt-001.stdout.log
21936345	33326	COMPOSITE	unit-0014-attempt-001.stdout.log
21936373	33326	COMPOSITE	unit-0014-attempt-001.stdout.log
21936403	33326	COMPOSITE	unit-0014-attempt-001.stdout.log
21936417	33326	COMPOSITE	unit-0014-attempt-001.stdout.log
21936429	33326	COMPOSITE	unit-0014-attempt-001.stdout.log
21936499	33326	COMPOSITE	unit-0014-attempt-001.stdout.log
21936517	33326	COMPOSITE	unit-0014-attempt-001.stdout.log
21936529	33326	COMPOSITE	unit-0014-attempt-001.stdout.log
21936537	33326	COMPOSITE	unit-0014-attempt-001.stdout.log
21936553	33326	COMPOSITE	unit-0014-attempt-001.stdout.log
21936555	33326	COMPOSITE	unit-0014-attempt-001.stdout.log
21936627	33326	COMPOSITE	unit-0014-attempt-001.stdout.log
21936663	33326	COMPOSITE	unit-0014-attempt-001.stdout.log
21936673	33326	COMPOSITE	unit-0014-attempt-001.stdout.log
21936687	33326	COMPOSITE	unit-0014-attempt-001.stdout.log
21936709	33326	COMPOSITE	unit-0014-attempt-001.stdout.log
21936733	33326	COMPOSITE	unit-0014-attempt-001.stdout.log
21936735	33326	COMPOSITE	unit-0014-attempt-001.stdout.log
21936769	33326	COMPOSITE	unit-0014-attempt-001.stdout.log
21936777	33326	COMPOSITE	unit-0014-attempt-001.stdout.log
21936817	33326	COMPOSITE	unit-0014-attempt-001.stdout.log
21936819	33326	COMPOSITE	unit-0014-attempt-001.stdout.log
21936823	33326	COMPOSITE	unit-0014-attempt-001.stdout.log
21936849	33326	COMPOSITE	unit-0014-attempt-001.stdout.log
21936859	33326	COMPOSITE	unit-0014-attempt-001.stdout.log
21936865	33326	COMPOSITE	unit-0014-attempt-001.stdout.log
21936867	33326	COMPOSITE	unit-0014-attempt-001.stdout.log
21936933	33326	COMPOSITE	unit-0014-attempt-001.stdout.log
21936937	33326	COMPOSITE	unit-0014-attempt-001.stdout.log
21936939	33326	COMPOSITE	unit-0014-attempt-001.stdout.log
21936963	33326	COMPOSITE	unit-0014-attempt-001.stdout.log
21936967	33326	COMPOSITE	unit-0015-attempt-001.stdout.log
21936985	33326	COMPOSITE	unit-0015-attempt-001.stdout.log
21936999	33326	COMPOSITE	unit-0015-attempt-001.stdout.log
21937069	33326	COMPOSITE	unit-0015-attempt-001.stdout.log
21937083	33326	COMPOSITE	unit-0015-attempt-001.stdout.log
21937093	33326	COMPOSITE	unit-0015-attempt-001.stdout.log
21937099	33326	COMPOSITE	unit-0015-attempt-001.stdout.log
21937129	33326	COMPOSITE	unit-0015-attempt-001.stdout.log
21937135	33326	COMPOSITE	unit-0015-attempt-001.stdout.log
21937143	33326	COMPOSITE	unit-0015-attempt-001.stdout.log
21937159	33326	COMPOSITE	unit-0015-attempt-001.stdout.log
21937195	33326	COMPOSITE	unit-0015-attempt-001.stdout.log
21937197	33326	COMPOSITE	unit-0015-attempt-001.stdout.log
21937203	33326	COMPOSITE	unit-0015-attempt-001.stdout.log
21937237	33326	COMPOSITE	unit-0015-attempt-001.stdout.log
21937239	33326	COMPOSITE	unit-0015-attempt-001.stdout.log
21937245	33326	COMPOSITE	unit-0015-attempt-001.stdout.log
21937279	33326	COMPOSITE	unit-0015-attempt-001.stdout.log
21937299	33326	COMPOSITE	unit-0015-attempt-001.stdout.log
21937377	33326	COMPOSITE	unit-0015-attempt-001.stdout.log
21937455	33326	COMPOSITE	unit-0015-attempt-001.stdout.log
21937465	33326	COMPOSITE	unit-0015-attempt-001.stdout.log
21937467	33326	COMPOSITE	unit-0015-attempt-001.stdout.log
21937563	33326	COMPOSITE	unit-0015-attempt-001.stdout.log
21937579	33326	COMPOSITE	unit-0015-attempt-001.stdout.log
21937617	33326	COMPOSITE	unit-0015-attempt-001.stdout.log
21937623	33326	COMPOSITE	unit-0015-attempt-001.stdout.log
21937635	33326	COMPOSITE	unit-0015-attempt-001.stdout.log
21937653	33326	COMPOSITE	unit-0015-attempt-001.stdout.log
21937665	33326	COMPOSITE	unit-0015-attempt-001.stdout.log
21937675	33326	COMPOSITE	unit-0015-attempt-001.stdout.log
21937693	33326	COMPOSITE	unit-0015-attempt-001.stdout.log
21937759	33326	COMPOSITE	unit-0015-attempt-001.stdout.log
21937803	33326	COMPOSITE	unit-0015-attempt-001.stdout.log
21937813	33326	COMPOSITE	unit-0015-attempt-001.stdout.log
21937827	33326	COMPOSITE	unit-0015-attempt-001.stdout.log
21937849	33326	COMPOSITE	unit-0015-attempt-001.stdout.log
21937869	33326	COMPOSITE	unit-0015-attempt-001.stdout.log
21937875	33326	COMPOSITE	unit-0015-attempt-001.stdout.log
21937887	33326	COMPOSITE	unit-0015-attempt-001.stdout.log
21937897	33326	COMPOSITE	unit-0015-attempt-001.stdout.log
21937905	33326	COMPOSITE	unit-0015-attempt-001.stdout.log
21937939	33326	COMPOSITE	unit-0015-attempt-001.stdout.log
21937965	33326	COMPOSITE	unit-0015-attempt-001.stdout.log
21937993	33326	COMPOSITE	unit-0015-attempt-001.stdout.log
21938025	33326	COMPOSITE	unit-0015-attempt-001.stdout.log
21938035	33326	COMPOSITE	unit-0015-attempt-001.stdout.log
21938055	33326	COMPOSITE	unit-0015-attempt-001.stdout.log
21938073	33326	COMPOSITE	unit-0015-attempt-001.stdout.log
21938085	33326	COMPOSITE	unit-0015-attempt-001.stdout.log
21938113	33326	COMPOSITE	unit-0015-attempt-001.stdout.log
21938125	33326	COMPOSITE	unit-0015-attempt-001.stdout.log
21938133	33326	COMPOSITE	unit-0015-attempt-001.stdout.log
21938155	33326	COMPOSITE	unit-0015-attempt-001.stdout.log
21938199	33326	COMPOSITE	unit-0015-attempt-001.stdout.log
21938223	33326	COMPOSITE	unit-0015-attempt-001.stdout.log
21938245	33326	COMPOSITE	unit-0015-attempt-001.stdout.log
21938259	33326	COMPOSITE	unit-0015-attempt-001.stdout.log
21938317	33326	COMPOSITE	unit-0015-attempt-001.stdout.log
21938319	33326	COMPOSITE	unit-0015-attempt-001.stdout.log
21938325	33326	COMPOSITE	unit-0015-attempt-001.stdout.log
21938353	33326	COMPOSITE	unit-0015-attempt-001.stdout.log
21938367	33326	COMPOSITE	unit-0015-attempt-001.stdout.log
21938389	33326	COMPOSITE	unit-0015-attempt-001.stdout.log
21938403	33326	COMPOSITE	unit-0015-attempt-001.stdout.log
21938427	33326	COMPOSITE	unit-0015-attempt-001.stdout.log
21938443	33326	COMPOSITE	unit-0015-attempt-001.stdout.log
21938455	33326	COMPOSITE	unit-0015-attempt-001.stdout.log
21938457	33326	COMPOSITE	unit-0015-attempt-001.stdout.log
21938463	33326	COMPOSITE	unit-0015-attempt-001.stdout.log
21938475	33326	COMPOSITE	unit-0015-attempt-001.stdout.log
21938487	33326	COMPOSITE	unit-0015-attempt-001.stdout.log
21938497	33326	COMPOSITE	unit-0015-attempt-001.stdout.log
21938499	33326	COMPOSITE	unit-0015-attempt-001.stdout.log
21938515	33326	COMPOSITE	unit-0015-attempt-001.stdout.log
21938535	33326	COMPOSITE	unit-0015-attempt-001.stdout.log
21938545	33326	COMPOSITE	unit-0015-attempt-001.stdout.log
21938577	33326	COMPOSITE	unit-0015-attempt-001.stdout.log
21938587	33326	COMPOSITE	unit-0015-attempt-001.stdout.log
21938589	33326	COMPOSITE	unit-0015-attempt-001.stdout.log
21938625	33326	COMPOSITE	unit-0015-attempt-001.stdout.log
21938655	33326	COMPOSITE	unit-0015-attempt-001.stdout.log
21938679	33326	COMPOSITE	unit-0015-attempt-001.stdout.log
21938689	33326	COMPOSITE	unit-0015-attempt-001.stdout.log
21938697	33326	COMPOSITE	unit-0015-attempt-001.stdout.log
21938737	33326	COMPOSITE	unit-0015-attempt-001.stdout.log
21938739	33326	COMPOSITE	unit-0015-attempt-001.stdout.log
21938767	33326	COMPOSITE	unit-0015-attempt-001.stdout.log
21938797	33326	COMPOSITE	unit-0015-attempt-001.stdout.log
21938815	33326	COMPOSITE	unit-0015-attempt-001.stdout.log
21938863	33326	COMPOSITE	unit-0015-attempt-001.stdout.log
21938869	33326	COMPOSITE	unit-0015-attempt-001.stdout.log
21938877	33326	COMPOSITE	unit-0015-attempt-001.stdout.log
21938883	33326	COMPOSITE	unit-0015-attempt-001.stdout.log
21938889	33326	COMPOSITE	unit-0015-attempt-001.stdout.log
21938895	33326	COMPOSITE	unit-0015-attempt-001.stdout.log
21938905	33326	COMPOSITE	unit-0015-attempt-001.stdout.log
21938917	33326	COMPOSITE	unit-0015-attempt-001.stdout.log
21938965	33326	COMPOSITE	unit-0015-attempt-001.stdout.log
21938973	33326	COMPOSITE	unit-0015-attempt-001.stdout.log
21939003	33326	COMPOSITE	unit-0016-attempt-001.stdout.log
21939009	33326	COMPOSITE	unit-0016-attempt-001.stdout.log
21939049	33326	COMPOSITE	unit-0016-attempt-001.stdout.log
21939085	33326	COMPOSITE	unit-0016-attempt-001.stdout.log
21939123	33326	COMPOSITE	unit-0016-attempt-001.stdout.log
21939129	33326	COMPOSITE	unit-0016-attempt-001.stdout.log
21939177	33326	COMPOSITE	unit-0016-attempt-001.stdout.log
21939217	33326	COMPOSITE	unit-0016-attempt-001.stdout.log
21939277	33326	COMPOSITE	unit-0016-attempt-001.stdout.log
21939303	33326	COMPOSITE	unit-0016-attempt-001.stdout.log
21939327	33326	COMPOSITE	unit-0016-attempt-001.stdout.log
21939343	33326	COMPOSITE	unit-0016-attempt-001.stdout.log
21939355	33326	COMPOSITE	unit-0016-attempt-001.stdout.log
21939369	33326	COMPOSITE	unit-0016-attempt-001.stdout.log
21939379	33326	COMPOSITE	unit-0016-attempt-001.stdout.log
21939393	33326	COMPOSITE	unit-0016-attempt-001.stdout.log
21939399	33326	COMPOSITE	unit-0016-attempt-001.stdout.log
21939415	33326	COMPOSITE	unit-0016-attempt-001.stdout.log
21939507	33326	COMPOSITE	unit-0016-attempt-001.stdout.log
21939535	33326	COMPOSITE	unit-0016-attempt-001.stdout.log
21939565	33326	COMPOSITE	unit-0016-attempt-001.stdout.log
21939577	33326	COMPOSITE	unit-0016-attempt-001.stdout.log
21939585	33326	COMPOSITE	unit-0016-attempt-001.stdout.log
21939589	33326	COMPOSITE	unit-0016-attempt-001.stdout.log
21939595	33326	COMPOSITE	unit-0016-attempt-001.stdout.log
21939607	33326	COMPOSITE	unit-0016-attempt-001.stdout.log
21939613	33326	COMPOSITE	unit-0016-attempt-001.stdout.log
21939639	33326	COMPOSITE	unit-0016-attempt-001.stdout.log
21939673	33326	COMPOSITE	unit-0016-attempt-001.stdout.log
21939697	33326	COMPOSITE	unit-0016-attempt-001.stdout.log
21939729	33326	COMPOSITE	unit-0016-attempt-001.stdout.log
21939787	33326	COMPOSITE	unit-0016-attempt-001.stdout.log
21939793	33326	COMPOSITE	unit-0016-attempt-001.stdout.log
21939807	33326	COMPOSITE	unit-0016-attempt-001.stdout.log
21939855	33326	COMPOSITE	unit-0016-attempt-001.stdout.log
21939859	33326	COMPOSITE	unit-0016-attempt-001.stdout.log
21939877	33326	COMPOSITE	unit-0016-attempt-001.stdout.log
21939885	33326	COMPOSITE	unit-0016-attempt-001.stdout.log
21939889	33326	COMPOSITE	unit-0016-attempt-001.stdout.log
21939897	33326	COMPOSITE	unit-0016-attempt-001.stdout.log
21939919	33326	COMPOSITE	unit-0016-attempt-001.stdout.log
21939949	33326	COMPOSITE	unit-0016-attempt-001.stdout.log
21939969	33326	COMPOSITE	unit-0016-attempt-001.stdout.log
21940053	33326	COMPOSITE	unit-0016-attempt-001.stdout.log
21940065	33326	COMPOSITE	unit-0016-attempt-001.stdout.log
21940095	33326	COMPOSITE	unit-0016-attempt-001.stdout.log
21940113	33326	COMPOSITE	unit-0016-attempt-001.stdout.log
21940135	33326	COMPOSITE	unit-0016-attempt-001.stdout.log
21940143	33326	COMPOSITE	unit-0016-attempt-001.stdout.log
21940149	33326	COMPOSITE	unit-0016-attempt-001.stdout.log
21940153	33326	COMPOSITE	unit-0016-attempt-001.stdout.log
21940159	33326	COMPOSITE	unit-0016-attempt-001.stdout.log
21940183	33326	COMPOSITE	unit-0016-attempt-001.stdout.log
21940225	33326	COMPOSITE	unit-0016-attempt-001.stdout.log
21940237	33326	COMPOSITE	unit-0016-attempt-001.stdout.log
21940239	33326	COMPOSITE	unit-0016-attempt-001.stdout.log
21940249	33326	COMPOSITE	unit-0016-attempt-001.stdout.log
21940255	33326	COMPOSITE	unit-0016-attempt-001.stdout.log
21940269	33326	COMPOSITE	unit-0016-attempt-001.stdout.log
21940275	33326	COMPOSITE	unit-0016-attempt-001.stdout.log
21940297	33326	COMPOSITE	unit-0016-attempt-001.stdout.log
21940323	33326	COMPOSITE	unit-0016-attempt-001.stdout.log
21940359	33326	COMPOSITE	unit-0016-attempt-001.stdout.log
21940369	33326	COMPOSITE	unit-0016-attempt-001.stdout.log
21940395	33326	COMPOSITE	unit-0016-attempt-001.stdout.log
21940405	33326	COMPOSITE	unit-0016-attempt-001.stdout.log
21940425	33326	COMPOSITE	unit-0016-attempt-001.stdout.log
21940447	33326	COMPOSITE	unit-0016-attempt-001.stdout.log
21940453	33326	COMPOSITE	unit-0016-attempt-001.stdout.log
21940509	33326	COMPOSITE	unit-0016-attempt-001.stdout.log
21940527	33326	COMPOSITE	unit-0016-attempt-001.stdout.log
21940533	33326	COMPOSITE	unit-0016-attempt-001.stdout.log
21940543	33326	COMPOSITE	unit-0016-attempt-001.stdout.log
21940569	33326	COMPOSITE	unit-0016-attempt-001.stdout.log
21940593	33326	COMPOSITE	unit-0016-attempt-001.stdout.log
21940603	33326	COMPOSITE	unit-0016-attempt-001.stdout.log
21940615	33326	COMPOSITE	unit-0016-attempt-001.stdout.log
21940629	33326	COMPOSITE	unit-0016-attempt-001.stdout.log
21940635	33326	COMPOSITE	unit-0016-attempt-001.stdout.log
21940647	33326	COMPOSITE	unit-0016-attempt-001.stdout.log
21940653	33326	COMPOSITE	unit-0016-attempt-001.stdout.log
21940657	33326	COMPOSITE	unit-0016-attempt-001.stdout.log
21940663	33326	COMPOSITE	unit-0016-attempt-001.stdout.log
21940725	33326	COMPOSITE	unit-0016-attempt-001.stdout.log
21940755	33326	COMPOSITE	unit-0016-attempt-001.stdout.log
21940759	33326	COMPOSITE	unit-0016-attempt-001.stdout.log
21940783	33326	COMPOSITE	unit-0016-attempt-001.stdout.log
21940845	33326	COMPOSITE	unit-0016-attempt-001.stdout.log
21940869	33326	COMPOSITE	unit-0016-attempt-001.stdout.log
21940897	33326	COMPOSITE	unit-0016-attempt-001.stdout.log
21940939	33326	COMPOSITE	unit-0016-attempt-001.stdout.log
21940953	33326	COMPOSITE	unit-0016-attempt-001.stdout.log
21940957	33326	COMPOSITE	unit-0016-attempt-001.stdout.log
21940963	33326	COMPOSITE	unit-0016-attempt-001.stdout.log
21940999	33326	COMPOSITE	unit-0016-attempt-001.stdout.log
21941005	33326	COMPOSITE	unit-0016-attempt-001.stdout.log
21941025	33326	COMPOSITE	unit-0016-attempt-001.stdout.log
21941059	33326	COMPOSITE	unit-0016-attempt-001.stdout.log
21941073	33326	COMPOSITE	unit-0016-attempt-001.stdout.log
21941089	33326	COMPOSITE	unit-0016-attempt-001.stdout.log
21941103	33326	COMPOSITE	unit-0017-attempt-001.stdout.log
21941109	33326	COMPOSITE	unit-0017-attempt-001.stdout.log
21941119	33326	COMPOSITE	unit-0017-attempt-001.stdout.log
21941175	33326	COMPOSITE	unit-0017-attempt-001.stdout.log
21941193	33326	COMPOSITE	unit-0017-attempt-001.stdout.log
21941203	33326	COMPOSITE	unit-0017-attempt-001.stdout.log
21941223	33326	COMPOSITE	unit-0017-attempt-001.stdout.log
21941227	33326	COMPOSITE	unit-0017-attempt-001.stdout.log
21941229	33326	COMPOSITE	unit-0017-attempt-001.stdout.log
21941269	33326	COMPOSITE	unit-0017-attempt-001.stdout.log
21941275	33326	COMPOSITE	unit-0017-attempt-001.stdout.log
21941307	33326	COMPOSITE	unit-0017-attempt-001.stdout.log
21941313	33326	COMPOSITE	unit-0017-attempt-001.stdout.log
21941329	33326	COMPOSITE	unit-0017-attempt-001.stdout.log
21941355	33326	COMPOSITE	unit-0017-attempt-001.stdout.log
21941367	33326	COMPOSITE	unit-0017-attempt-001.stdout.log
21941385	33326	COMPOSITE	unit-0017-attempt-001.stdout.log
21941425	33326	COMPOSITE	unit-0017-attempt-001.stdout.log
21941445	33326	COMPOSITE	unit-0017-attempt-001.stdout.log
21941469	33326	COMPOSITE	unit-0017-attempt-001.stdout.log
21941473	33326	COMPOSITE	unit-0017-attempt-001.stdout.log
21941499	33326	COMPOSITE	unit-0017-attempt-001.stdout.log
21941509	33326	COMPOSITE	unit-0017-attempt-001.stdout.log
21941517	33326	COMPOSITE	unit-0017-attempt-001.stdout.log
21941523	33326	COMPOSITE	unit-0017-attempt-001.stdout.log
21941527	33326	COMPOSITE	unit-0017-attempt-001.stdout.log
21941529	33326	COMPOSITE	unit-0017-attempt-001.stdout.log
21941545	33326	COMPOSITE	unit-0017-attempt-001.stdout.log
21941553	33326	COMPOSITE	unit-0017-attempt-001.stdout.log
21941557	33326	COMPOSITE	unit-0017-attempt-001.stdout.log
21941583	33326	COMPOSITE	unit-0017-attempt-001.stdout.log
21941595	33326	COMPOSITE	unit-0017-attempt-001.stdout.log
21941623	33326	COMPOSITE	unit-0017-attempt-001.stdout.log
21941665	33326	COMPOSITE	unit-0017-attempt-001.stdout.log
21941683	33326	COMPOSITE	unit-0017-attempt-001.stdout.log
21941707	33326	COMPOSITE	unit-0017-attempt-001.stdout.log
21941725	33326	COMPOSITE	unit-0017-attempt-001.stdout.log
21941727	33326	COMPOSITE	unit-0017-attempt-001.stdout.log
21941737	33326	COMPOSITE	unit-0017-attempt-001.stdout.log
21941755	33326	COMPOSITE	unit-0017-attempt-001.stdout.log
21941779	33326	COMPOSITE	unit-0017-attempt-001.stdout.log
21941833	33326	COMPOSITE	unit-0017-attempt-001.stdout.log
21941839	33326	COMPOSITE	unit-0017-attempt-001.stdout.log
21941907	33326	COMPOSITE	unit-0017-attempt-001.stdout.log
21941983	33326	COMPOSITE	unit-0017-attempt-001.stdout.log
21941985	33326	COMPOSITE	unit-0017-attempt-001.stdout.log
21941997	33326	COMPOSITE	unit-0017-attempt-001.stdout.log
21942013	33326	COMPOSITE	unit-0017-attempt-001.stdout.log
21942039	33326	COMPOSITE	unit-0017-attempt-001.stdout.log
21942045	33326	COMPOSITE	unit-0017-attempt-001.stdout.log
21942055	33326	COMPOSITE	unit-0017-attempt-001.stdout.log
21942067	33326	COMPOSITE	unit-0017-attempt-001.stdout.log
21942073	33326	COMPOSITE	unit-0017-attempt-001.stdout.log
21942075	33326	COMPOSITE	unit-0017-attempt-001.stdout.log
21942153	33326	COMPOSITE	unit-0017-attempt-001.stdout.log
21942165	33326	COMPOSITE	unit-0017-attempt-001.stdout.log
21942189	33326	COMPOSITE	unit-0017-attempt-001.stdout.log
21942193	33326	COMPOSITE	unit-0017-attempt-001.stdout.log
21942225	33326	COMPOSITE	unit-0017-attempt-001.stdout.log
21942259	33326	COMPOSITE	unit-0017-attempt-001.stdout.log
21942297	33326	COMPOSITE	unit-0017-attempt-001.stdout.log
21942315	33326	COMPOSITE	unit-0017-attempt-001.stdout.log
21942319	33326	COMPOSITE	unit-0017-attempt-001.stdout.log
21942357	33326	COMPOSITE	unit-0017-attempt-001.stdout.log
21942363	33326	COMPOSITE	unit-0017-attempt-001.stdout.log
21942367	33326	COMPOSITE	unit-0017-attempt-001.stdout.log
21942397	33326	COMPOSITE	unit-0017-attempt-001.stdout.log
21942433	33326	COMPOSITE	unit-0017-attempt-001.stdout.log
21942445	33326	COMPOSITE	unit-0017-attempt-001.stdout.log
21942447	33326	COMPOSITE	unit-0017-attempt-001.stdout.log
21942459	33326	COMPOSITE	unit-0017-attempt-001.stdout.log
21942463	33326	COMPOSITE	unit-0017-attempt-001.stdout.log
21942477	33326	COMPOSITE	unit-0017-attempt-001.stdout.log
21942517	33326	COMPOSITE	unit-0017-attempt-001.stdout.log
21942535	33326	COMPOSITE	unit-0017-attempt-001.stdout.log
21942565	33326	COMPOSITE	unit-0017-attempt-001.stdout.log
21942567	33326	COMPOSITE	unit-0017-attempt-001.stdout.log
21942595	33326	COMPOSITE	unit-0017-attempt-001.stdout.log
21942607	33326	COMPOSITE	unit-0017-attempt-001.stdout.log
21942609	33326	COMPOSITE	unit-0017-attempt-001.stdout.log
21942633	33326	COMPOSITE	unit-0017-attempt-001.stdout.log
21942637	33326	COMPOSITE	unit-0017-attempt-001.stdout.log
21942673	33326	COMPOSITE	unit-0017-attempt-001.stdout.log
21942699	33326	COMPOSITE	unit-0017-attempt-001.stdout.log
21942717	33326	COMPOSITE	unit-0017-attempt-001.stdout.log
21942733	33326	COMPOSITE	unit-0017-attempt-001.stdout.log
21942739	33326	COMPOSITE	unit-0017-attempt-001.stdout.log
21942783	33326	COMPOSITE	unit-0017-attempt-001.stdout.log
21942823	33326	COMPOSITE	unit-0017-attempt-001.stdout.log
21942867	33326	COMPOSITE	unit-0017-attempt-001.stdout.log
21942873	33326	COMPOSITE	unit-0017-attempt-001.stdout.log
21942879	33326	COMPOSITE	unit-0017-attempt-001.stdout.log
21942907	33326	COMPOSITE	unit-0017-attempt-001.stdout.log
21942925	33326	COMPOSITE	unit-0017-attempt-001.stdout.log
21942955	33326	COMPOSITE	unit-0017-attempt-001.stdout.log
21942979	33326	COMPOSITE	unit-0017-attempt-001.stdout.log
21942999	33326	COMPOSITE	unit-0017-attempt-001.stdout.log
21943005	33326	COMPOSITE	unit-0017-attempt-001.stdout.log
21943027	33326	COMPOSITE	unit-0017-attempt-001.stdout.log
21943053	33326	COMPOSITE	unit-0017-attempt-001.stdout.log
21943057	33326	COMPOSITE	unit-0018-attempt-001.stdout.log
21943095	33326	COMPOSITE	unit-0018-attempt-001.stdout.log
21943099	33326	COMPOSITE	unit-0018-attempt-001.stdout.log
21943105	33326	COMPOSITE	unit-0018-attempt-001.stdout.log
21943113	33326	COMPOSITE	unit-0018-attempt-001.stdout.log
21943167	33326	COMPOSITE	unit-0018-attempt-001.stdout.log
21943173	33326	COMPOSITE	unit-0018-attempt-001.stdout.log
21943215	33326	COMPOSITE	unit-0018-attempt-001.stdout.log
21943219	33326	COMPOSITE	unit-0018-attempt-001.stdout.log
21943243	33326	COMPOSITE	unit-0018-attempt-001.stdout.log
21943267	33326	COMPOSITE	unit-0018-attempt-001.stdout.log
21943293	33326	COMPOSITE	unit-0018-attempt-001.stdout.log
21943305	33326	COMPOSITE	unit-0018-attempt-001.stdout.log
21943315	33326	COMPOSITE	unit-0018-attempt-001.stdout.log
21943347	33326	COMPOSITE	unit-0018-attempt-001.stdout.log
21943357	33326	COMPOSITE	unit-0018-attempt-001.stdout.log
21943377	33326	COMPOSITE	unit-0018-attempt-001.stdout.log
21943383	33326	COMPOSITE	unit-0018-attempt-001.stdout.log
21943393	33326	COMPOSITE	unit-0018-attempt-001.stdout.log
21943399	33326	COMPOSITE	unit-0018-attempt-001.stdout.log
21943413	33326	COMPOSITE	unit-0018-attempt-001.stdout.log
21943495	33326	COMPOSITE	unit-0018-attempt-001.stdout.log
21943497	33326	COMPOSITE	unit-0018-attempt-001.stdout.log
21943519	33326	COMPOSITE	unit-0018-attempt-001.stdout.log
21943533	33326	COMPOSITE	unit-0018-attempt-001.stdout.log
21943573	33326	COMPOSITE	unit-0018-attempt-001.stdout.log
21943597	33326	COMPOSITE	unit-0018-attempt-001.stdout.log
21943603	33326	COMPOSITE	unit-0018-attempt-001.stdout.log
21943635	33326	COMPOSITE	unit-0018-attempt-001.stdout.log
21943645	33326	COMPOSITE	unit-0018-attempt-001.stdout.log
21943659	33326	COMPOSITE	unit-0018-attempt-001.stdout.log
21943683	33326	COMPOSITE	unit-0018-attempt-001.stdout.log
21943699	33326	COMPOSITE	unit-0018-attempt-001.stdout.log
21943723	33326	COMPOSITE	unit-0018-attempt-001.stdout.log
21943777	33326	COMPOSITE	unit-0018-attempt-001.stdout.log
21943797	33326	COMPOSITE	unit-0018-attempt-001.stdout.log
21943803	33326	COMPOSITE	unit-0018-attempt-001.stdout.log
21943813	33326	COMPOSITE	unit-0018-attempt-001.stdout.log
21943825	33326	COMPOSITE	unit-0018-attempt-001.stdout.log
21943827	33326	COMPOSITE	unit-0018-attempt-001.stdout.log
21943833	33326	COMPOSITE	unit-0018-attempt-001.stdout.log
21943855	33326	COMPOSITE	unit-0018-attempt-001.stdout.log
21943863	33326	COMPOSITE	unit-0018-attempt-001.stdout.log
21943867	33326	COMPOSITE	unit-0018-attempt-001.stdout.log
21943869	33326	COMPOSITE	unit-0018-attempt-001.stdout.log
21943903	33326	COMPOSITE	unit-0018-attempt-001.stdout.log
21943905	33326	COMPOSITE	unit-0018-attempt-001.stdout.log
21943909	33326	COMPOSITE	unit-0018-attempt-001.stdout.log
21943915	33326	COMPOSITE	unit-0018-attempt-001.stdout.log
21943929	33326	COMPOSITE	unit-0018-attempt-001.stdout.log
21943965	33326	COMPOSITE	unit-0018-attempt-001.stdout.log
21943975	33326	COMPOSITE	unit-0018-attempt-001.stdout.log
21943989	33326	COMPOSITE	unit-0018-attempt-001.stdout.log
21943993	33326	COMPOSITE	unit-0018-attempt-001.stdout.log
21944037	33326	COMPOSITE	unit-0018-attempt-001.stdout.log
21944043	33326	COMPOSITE	unit-0018-attempt-001.stdout.log
21944103	33326	COMPOSITE	unit-0018-attempt-001.stdout.log
21944113	33326	COMPOSITE	unit-0018-attempt-001.stdout.log
21944125	33326	COMPOSITE	unit-0018-attempt-001.stdout.log
21944139	33326	COMPOSITE	unit-0018-attempt-001.stdout.log
21944167	33326	COMPOSITE	unit-0018-attempt-001.stdout.log
21944175	33326	COMPOSITE	unit-0018-attempt-001.stdout.log
21944197	33326	COMPOSITE	unit-0018-attempt-001.stdout.log
21944199	33326	COMPOSITE	unit-0018-attempt-001.stdout.log
21944205	33326	COMPOSITE	unit-0018-attempt-001.stdout.log
21944239	33326	COMPOSITE	unit-0018-attempt-001.stdout.log
21944283	33326	COMPOSITE	unit-0018-attempt-001.stdout.log
21944287	33326	COMPOSITE	unit-0018-attempt-001.stdout.log
21944317	33326	COMPOSITE	unit-0018-attempt-001.stdout.log
21944365	33326	COMPOSITE	unit-0018-attempt-001.stdout.log
21944377	33326	COMPOSITE	unit-0018-attempt-001.stdout.log
21944383	33326	COMPOSITE	unit-0018-attempt-001.stdout.log
21944385	33326	COMPOSITE	unit-0018-attempt-001.stdout.log
21944397	33326	COMPOSITE	unit-0018-attempt-001.stdout.log
21944433	33326	COMPOSITE	unit-0018-attempt-001.stdout.log
21944443	33326	COMPOSITE	unit-0018-attempt-001.stdout.log
21944479	33326	COMPOSITE	unit-0018-attempt-001.stdout.log
21944499	33326	COMPOSITE	unit-0018-attempt-001.stdout.log
21944503	33326	COMPOSITE	unit-0018-attempt-001.stdout.log
21944535	33326	COMPOSITE	unit-0018-attempt-001.stdout.log
21944545	33326	COMPOSITE	unit-0018-attempt-001.stdout.log
21944547	33326	COMPOSITE	unit-0018-attempt-001.stdout.log
21944553	33326	COMPOSITE	unit-0018-attempt-001.stdout.log
21944595	33326	COMPOSITE	unit-0018-attempt-001.stdout.log
21944607	33326	COMPOSITE	unit-0018-attempt-001.stdout.log
21944619	33326	COMPOSITE	unit-0018-attempt-001.stdout.log
21944623	33326	COMPOSITE	unit-0018-attempt-001.stdout.log
21944635	33326	COMPOSITE	unit-0018-attempt-001.stdout.log
21944637	33326	COMPOSITE	unit-0018-attempt-001.stdout.log
21944647	33326	COMPOSITE	unit-0018-attempt-001.stdout.log
21944673	33326	COMPOSITE	unit-0018-attempt-001.stdout.log
21944763	33326	COMPOSITE	unit-0018-attempt-001.stdout.log
21944773	33326	COMPOSITE	unit-0018-attempt-001.stdout.log
21944785	33326	COMPOSITE	unit-0018-attempt-001.stdout.log
21944787	33326	COMPOSITE	unit-0018-attempt-001.stdout.log
21944833	33326	COMPOSITE	unit-0018-attempt-001.stdout.log
21944839	33326	COMPOSITE	unit-0018-attempt-001.stdout.log
21944877	33326	COMPOSITE	unit-0018-attempt-001.stdout.log
21944895	33326	COMPOSITE	unit-0018-attempt-001.stdout.log
21944899	33326	COMPOSITE	unit-0018-attempt-001.stdout.log
21944955	33326	COMPOSITE	unit-0019-attempt-001.stdout.log
21944959	33326	COMPOSITE	unit-0019-attempt-001.stdout.log
21945013	33326	COMPOSITE	unit-0019-attempt-001.stdout.log
21945085	33326	COMPOSITE	unit-0019-attempt-001.stdout.log
21945093	33326	COMPOSITE	unit-0019-attempt-001.stdout.log
21945115	33326	COMPOSITE	unit-0019-attempt-001.stdout.log
21945139	33326	COMPOSITE	unit-0019-attempt-001.stdout.log
21945157	33326	COMPOSITE	unit-0019-attempt-001.stdout.log
21945189	33326	COMPOSITE	unit-0019-attempt-001.stdout.log
21945213	33326	COMPOSITE	unit-0019-attempt-001.stdout.log
21945247	33326	COMPOSITE	unit-0019-attempt-001.stdout.log
21945289	33326	COMPOSITE	unit-0019-attempt-001.stdout.log
21945297	33326	COMPOSITE	unit-0019-attempt-001.stdout.log
21945333	33326	COMPOSITE	unit-0019-attempt-001.stdout.log
21945343	33326	COMPOSITE	unit-0019-attempt-001.stdout.log
21945345	33326	COMPOSITE	unit-0019-attempt-001.stdout.log
21945373	33326	COMPOSITE	unit-0019-attempt-001.stdout.log
21945385	33326	COMPOSITE	unit-0019-attempt-001.stdout.log
21945387	33326	COMPOSITE	unit-0019-attempt-001.stdout.log
21945393	33326	COMPOSITE	unit-0019-attempt-001.stdout.log
21945405	33326	COMPOSITE	unit-0019-attempt-001.stdout.log
21945409	33326	COMPOSITE	unit-0019-attempt-001.stdout.log
21945417	33326	COMPOSITE	unit-0019-attempt-001.stdout.log
21945427	33326	COMPOSITE	unit-0019-attempt-001.stdout.log
21945429	33326	COMPOSITE	unit-0019-attempt-001.stdout.log
21945463	33326	COMPOSITE	unit-0019-attempt-001.stdout.log
21945469	33326	COMPOSITE	unit-0019-attempt-001.stdout.log
21945505	33326	COMPOSITE	unit-0019-attempt-001.stdout.log
21945519	33326	COMPOSITE	unit-0019-attempt-001.stdout.log
21945609	33326	COMPOSITE	unit-0019-attempt-001.stdout.log
21945613	33326	COMPOSITE	unit-0019-attempt-001.stdout.log
21945639	33326	COMPOSITE	unit-0019-attempt-001.stdout.log
21945645	33326	COMPOSITE	unit-0019-attempt-001.stdout.log
21945657	33326	COMPOSITE	unit-0019-attempt-001.stdout.log
21945675	33326	COMPOSITE	unit-0019-attempt-001.stdout.log
21945679	33326	COMPOSITE	unit-0019-attempt-001.stdout.log
21945685	33326	COMPOSITE	unit-0019-attempt-001.stdout.log
21945703	33326	COMPOSITE	unit-0019-attempt-001.stdout.log
21945727	33326	COMPOSITE	unit-0019-attempt-001.stdout.log
21945757	33326	COMPOSITE	unit-0019-attempt-001.stdout.log
21945763	33326	COMPOSITE	unit-0019-attempt-001.stdout.log
21945793	33326	COMPOSITE	unit-0019-attempt-001.stdout.log
21945795	33326	COMPOSITE	unit-0019-attempt-001.stdout.log
21945807	33326	COMPOSITE	unit-0019-attempt-001.stdout.log
21945813	33326	COMPOSITE	unit-0019-attempt-001.stdout.log
21945829	33326	COMPOSITE	unit-0019-attempt-001.stdout.log
21945847	33326	COMPOSITE	unit-0019-attempt-001.stdout.log
21945865	33326	COMPOSITE	unit-0019-attempt-001.stdout.log
21945889	33326	COMPOSITE	unit-0019-attempt-001.stdout.log
21945903	33326	COMPOSITE	unit-0019-attempt-001.stdout.log
21945937	33326	COMPOSITE	unit-0019-attempt-001.stdout.log
21945939	33326	COMPOSITE	unit-0019-attempt-001.stdout.log
21945967	33326	COMPOSITE	unit-0019-attempt-001.stdout.log
21946033	33326	COMPOSITE	unit-0019-attempt-001.stdout.log
21946053	33326	COMPOSITE	unit-0019-attempt-001.stdout.log
21946107	33326	COMPOSITE	unit-0019-attempt-001.stdout.log
21946119	33326	COMPOSITE	unit-0019-attempt-001.stdout.log
21946149	33326	COMPOSITE	unit-0019-attempt-001.stdout.log
21946159	33326	COMPOSITE	unit-0019-attempt-001.stdout.log
21946165	33326	COMPOSITE	unit-0019-attempt-001.stdout.log
21946203	33326	COMPOSITE	unit-0019-attempt-001.stdout.log
21946215	33326	COMPOSITE	unit-0019-attempt-001.stdout.log
21946245	33326	COMPOSITE	unit-0019-attempt-001.stdout.log
21946257	33326	COMPOSITE	unit-0019-attempt-001.stdout.log
21946287	33326	COMPOSITE	unit-0019-attempt-001.stdout.log
21946297	33326	COMPOSITE	unit-0019-attempt-001.stdout.log
21946339	33326	COMPOSITE	unit-0019-attempt-001.stdout.log
21946345	33326	COMPOSITE	unit-0019-attempt-001.stdout.log
21946347	33326	COMPOSITE	unit-0019-attempt-001.stdout.log
21946365	33326	COMPOSITE	unit-0019-attempt-001.stdout.log
21946387	33326	COMPOSITE	unit-0019-attempt-001.stdout.log
21946399	33326	COMPOSITE	unit-0019-attempt-001.stdout.log
21946429	33326	COMPOSITE	unit-0019-attempt-001.stdout.log
21946443	33326	COMPOSITE	unit-0019-attempt-001.stdout.log
21946459	33326	COMPOSITE	unit-0019-attempt-001.stdout.log
21946477	33326	COMPOSITE	unit-0019-attempt-001.stdout.log
21946479	33326	COMPOSITE	unit-0019-attempt-001.stdout.log
21946483	33326	COMPOSITE	unit-0019-attempt-001.stdout.log
21946533	33326	COMPOSITE	unit-0019-attempt-001.stdout.log
21946539	33326	COMPOSITE	unit-0019-attempt-001.stdout.log
21946543	33326	COMPOSITE	unit-0019-attempt-001.stdout.log
21946569	33326	COMPOSITE	unit-0019-attempt-001.stdout.log
21946585	33326	COMPOSITE	unit-0019-attempt-001.stdout.log
21946593	33326	COMPOSITE	unit-0019-attempt-001.stdout.log
21946597	33326	COMPOSITE	unit-0019-attempt-001.stdout.log
21946633	33326	COMPOSITE	unit-0019-attempt-001.stdout.log
21946635	33326	COMPOSITE	unit-0019-attempt-001.stdout.log
21946647	33326	COMPOSITE	unit-0019-attempt-001.stdout.log
21946663	33326	COMPOSITE	unit-0019-attempt-001.stdout.log
21946665	33326	COMPOSITE	unit-0019-attempt-001.stdout.log
21946669	33326	COMPOSITE	unit-0019-attempt-001.stdout.log
21946675	33326	COMPOSITE	unit-0019-attempt-001.stdout.log
21946723	33326	COMPOSITE	unit-0019-attempt-001.stdout.log
21946725	33326	COMPOSITE	unit-0019-attempt-001.stdout.log
21946737	33326	COMPOSITE	unit-0019-attempt-001.stdout.log
21946749	33326	COMPOSITE	unit-0019-attempt-001.stdout.log
21946765	33326	COMPOSITE	unit-0019-attempt-001.stdout.log
21946819	33326	COMPOSITE	unit-0019-attempt-001.stdout.log
21946855	33326	COMPOSITE	unit-0019-attempt-001.stdout.log
21946857	33326	COMPOSITE	unit-0019-attempt-001.stdout.log
21946869	33326	COMPOSITE	unit-0020-attempt-001.stdout.log
21946873	33326	COMPOSITE	unit-0020-attempt-001.stdout.log
21946879	33326	COMPOSITE	unit-0020-attempt-001.stdout.log
21946897	33326	COMPOSITE	unit-0020-attempt-001.stdout.log
21946933	33326	COMPOSITE	unit-0020-attempt-001.stdout.log
21946957	33326	COMPOSITE	unit-0020-attempt-001.stdout.log
21947005	33326	COMPOSITE	unit-0020-attempt-001.stdout.log
21947037	33326	COMPOSITE	unit-0020-attempt-001.stdout.log
21947055	33326	COMPOSITE	unit-0020-attempt-001.stdout.log
21947059	33326	COMPOSITE	unit-0020-attempt-001.stdout.log
21947065	33326	COMPOSITE	unit-0020-attempt-001.stdout.log
21947089	33326	COMPOSITE	unit-0020-attempt-001.stdout.log
21947095	33326	COMPOSITE	unit-0020-attempt-001.stdout.log
21947127	33326	COMPOSITE	unit-0020-attempt-001.stdout.log
21947143	33326	COMPOSITE	unit-0020-attempt-001.stdout.log
21947215	33326	COMPOSITE	unit-0020-attempt-001.stdout.log
21947293	33326	COMPOSITE	unit-0020-attempt-001.stdout.log
21947317	33326	COMPOSITE	unit-0020-attempt-001.stdout.log
21947335	33326	COMPOSITE	unit-0020-attempt-001.stdout.log
21947347	33326	COMPOSITE	unit-0020-attempt-001.stdout.log
21947433	33326	COMPOSITE	unit-0020-attempt-001.stdout.log
21947445	33326	COMPOSITE	unit-0020-attempt-001.stdout.log
21947449	33326	COMPOSITE	unit-0020-attempt-001.stdout.log
21947475	33326	COMPOSITE	unit-0020-attempt-001.stdout.log
21947505	33326	COMPOSITE	unit-0020-attempt-001.stdout.log
21947533	33326	COMPOSITE	unit-0020-attempt-001.stdout.log
21947535	33326	COMPOSITE	unit-0020-attempt-001.stdout.log
21947577	33326	COMPOSITE	unit-0020-attempt-001.stdout.log
21947587	33326	COMPOSITE	unit-0020-attempt-001.stdout.log
21947629	33326	COMPOSITE	unit-0020-attempt-001.stdout.log
21947647	33326	COMPOSITE	unit-0020-attempt-001.stdout.log
21947649	33326	COMPOSITE	unit-0020-attempt-001.stdout.log
21947697	33326	COMPOSITE	unit-0020-attempt-001.stdout.log
21947737	33326	COMPOSITE	unit-0020-attempt-001.stdout.log
21947739	33326	COMPOSITE	unit-0020-attempt-001.stdout.log
21947769	33326	COMPOSITE	unit-0020-attempt-001.stdout.log
21947785	33326	COMPOSITE	unit-0020-attempt-001.stdout.log
21947835	33326	COMPOSITE	unit-0020-attempt-001.stdout.log
21947869	33326	COMPOSITE	unit-0020-attempt-001.stdout.log
21947887	33326	COMPOSITE	unit-0020-attempt-001.stdout.log
21947913	33326	COMPOSITE	unit-0020-attempt-001.stdout.log
21947937	33326	COMPOSITE	unit-0020-attempt-001.stdout.log
21947967	33326	COMPOSITE	unit-0020-attempt-001.stdout.log
21947983	33326	COMPOSITE	unit-0020-attempt-001.stdout.log
21948037	33326	COMPOSITE	unit-0020-attempt-001.stdout.log
21948049	33326	COMPOSITE	unit-0020-attempt-001.stdout.log
21948055	33326	COMPOSITE	unit-0020-attempt-001.stdout.log
21948063	33326	COMPOSITE	unit-0020-attempt-001.stdout.log
21948087	33326	COMPOSITE	unit-0020-attempt-001.stdout.log
21948103	33326	COMPOSITE	unit-0020-attempt-001.stdout.log
21948129	33326	COMPOSITE	unit-0020-attempt-001.stdout.log
21948157	33326	COMPOSITE	unit-0020-attempt-001.stdout.log
21948193	33326	COMPOSITE	unit-0020-attempt-001.stdout.log
21948195	33326	COMPOSITE	unit-0020-attempt-001.stdout.log
21948223	33326	COMPOSITE	unit-0020-attempt-001.stdout.log
21948235	33326	COMPOSITE	unit-0020-attempt-001.stdout.log
21948249	33326	COMPOSITE	unit-0020-attempt-001.stdout.log
21948255	33326	COMPOSITE	unit-0020-attempt-001.stdout.log
21948307	33326	COMPOSITE	unit-0020-attempt-001.stdout.log
21948333	33326	COMPOSITE	unit-0020-attempt-001.stdout.log
21948367	33326	COMPOSITE	unit-0020-attempt-001.stdout.log
21948369	33326	COMPOSITE	unit-0020-attempt-001.stdout.log
21948385	33326	COMPOSITE	unit-0020-attempt-001.stdout.log
21948409	33326	COMPOSITE	unit-0020-attempt-001.stdout.log
21948417	33326	COMPOSITE	unit-0020-attempt-001.stdout.log
21948429	33326	COMPOSITE	unit-0020-attempt-001.stdout.log
21948439	33326	COMPOSITE	unit-0020-attempt-001.stdout.log
21948457	33326	COMPOSITE	unit-0020-attempt-001.stdout.log
21948465	33326	COMPOSITE	unit-0020-attempt-001.stdout.log
21948483	33326	COMPOSITE	unit-0020-attempt-001.stdout.log
21948489	33326	COMPOSITE	unit-0020-attempt-001.stdout.log
21948499	33326	COMPOSITE	unit-0020-attempt-001.stdout.log
21948507	33326	COMPOSITE	unit-0020-attempt-001.stdout.log
21948513	33326	COMPOSITE	unit-0020-attempt-001.stdout.log
21948583	33326	COMPOSITE	unit-0020-attempt-001.stdout.log
21948595	33326	COMPOSITE	unit-0020-attempt-001.stdout.log
21948607	33326	COMPOSITE	unit-0020-attempt-001.stdout.log
21948613	33326	COMPOSITE	unit-0020-attempt-001.stdout.log
21948615	33326	COMPOSITE	unit-0020-attempt-001.stdout.log
21948637	33326	COMPOSITE	unit-0020-attempt-001.stdout.log
21948649	33326	COMPOSITE	unit-0020-attempt-001.stdout.log
21948663	33326	COMPOSITE	unit-0020-attempt-001.stdout.log
21948699	33326	COMPOSITE	unit-0020-attempt-001.stdout.log
21948739	33326	COMPOSITE	unit-0020-attempt-001.stdout.log
21948775	33326	COMPOSITE	unit-0020-attempt-001.stdout.log
21948805	33326	COMPOSITE	unit-0020-attempt-001.stdout.log
21948807	33326	COMPOSITE	unit-0020-attempt-001.stdout.log
21948817	33326	COMPOSITE	unit-0020-attempt-001.stdout.log
21948829	33326	COMPOSITE	unit-0020-attempt-001.stdout.log
21948837	33326	COMPOSITE	unit-0020-attempt-001.stdout.log
21948847	33326	COMPOSITE	unit-0020-attempt-001.stdout.log
21948873	33326	COMPOSITE	unit-0020-attempt-001.stdout.log
21948885	33326	COMPOSITE	unit-0020-attempt-001.stdout.log
21948895	33326	COMPOSITE	unit-0020-attempt-001.stdout.log
21948903	33326	COMPOSITE	unit-0020-attempt-001.stdout.log
21948913	33326	COMPOSITE	unit-0020-attempt-001.stdout.log
21948927	33326	COMPOSITE	unit-0020-attempt-001.stdout.log
21948949	33326	COMPOSITE	unit-0020-attempt-001.stdout.log
21948979	33326	COMPOSITE	unit-0020-attempt-001.stdout.log
21948987	33326	COMPOSITE	unit-0020-attempt-001.stdout.log
21949035	33326	COMPOSITE	unit-0021-attempt-001.stdout.log
21949039	33326	COMPOSITE	unit-0021-attempt-001.stdout.log
21949057	33326	COMPOSITE	unit-0021-attempt-001.stdout.log
21949059	33326	COMPOSITE	unit-0021-attempt-001.stdout.log
21949077	33326	COMPOSITE	unit-0021-attempt-001.stdout.log
21949179	33326	COMPOSITE	unit-0021-attempt-001.stdout.log
21949213	33326	COMPOSITE	unit-0021-attempt-001.stdout.log
21949215	33326	COMPOSITE	unit-0021-attempt-001.stdout.log
21949227	33326	COMPOSITE	unit-0021-attempt-001.stdout.log
21949269	33326	COMPOSITE	unit-0021-attempt-001.stdout.log
21949279	33326	COMPOSITE	unit-0021-attempt-001.stdout.log
21949293	33326	COMPOSITE	unit-0021-attempt-001.stdout.log
21949299	33326	COMPOSITE	unit-0021-attempt-001.stdout.log
21949305	33326	COMPOSITE	unit-0021-attempt-001.stdout.log
21949347	33326	COMPOSITE	unit-0021-attempt-001.stdout.log
21949365	33326	COMPOSITE	unit-0021-attempt-001.stdout.log
21949375	33326	COMPOSITE	unit-0021-attempt-001.stdout.log
21949377	33326	COMPOSITE	unit-0021-attempt-001.stdout.log
21949383	33326	COMPOSITE	unit-0021-attempt-001.stdout.log
21949447	33326	COMPOSITE	unit-0021-attempt-001.stdout.log
21949449	33326	COMPOSITE	unit-0021-attempt-001.stdout.log
21949477	33326	COMPOSITE	unit-0021-attempt-001.stdout.log
21949507	33326	COMPOSITE	unit-0021-attempt-001.stdout.log
21949509	33326	COMPOSITE	unit-0021-attempt-001.stdout.log
21949525	33326	COMPOSITE	unit-0021-attempt-001.stdout.log
21949533	33326	COMPOSITE	unit-0021-attempt-001.stdout.log
21949537	33326	COMPOSITE	unit-0021-attempt-001.stdout.log
21949557	33326	COMPOSITE	unit-0021-attempt-001.stdout.log
21949575	33326	COMPOSITE	unit-0021-attempt-001.stdout.log
21949579	33326	COMPOSITE	unit-0021-attempt-001.stdout.log
21949599	33326	COMPOSITE	unit-0021-attempt-001.stdout.log
21949603	33326	COMPOSITE	unit-0021-attempt-001.stdout.log
21949629	33326	COMPOSITE	unit-0021-attempt-001.stdout.log
21949647	33326	COMPOSITE	unit-0021-attempt-001.stdout.log
21949675	33326	COMPOSITE	unit-0021-attempt-001.stdout.log
21949677	33326	COMPOSITE	unit-0021-attempt-001.stdout.log
21949705	33326	COMPOSITE	unit-0021-attempt-001.stdout.log
21949713	33326	COMPOSITE	unit-0021-attempt-001.stdout.log
21949717	33326	COMPOSITE	unit-0021-attempt-001.stdout.log
21949719	33326	COMPOSITE	unit-0021-attempt-001.stdout.log
21949753	33326	COMPOSITE	unit-0021-attempt-001.stdout.log
21949759	33326	COMPOSITE	unit-0021-attempt-001.stdout.log
21949773	33326	COMPOSITE	unit-0021-attempt-001.stdout.log
21949785	33326	COMPOSITE	unit-0021-attempt-001.stdout.log
21949803	33326	COMPOSITE	unit-0021-attempt-001.stdout.log
21949887	33326	COMPOSITE	unit-0021-attempt-001.stdout.log
21949897	33326	COMPOSITE	unit-0021-attempt-001.stdout.log
21949915	33326	COMPOSITE	unit-0021-attempt-001.stdout.log
21949917	33326	COMPOSITE	unit-0021-attempt-001.stdout.log
21949935	33326	COMPOSITE	unit-0021-attempt-001.stdout.log
21949959	33326	COMPOSITE	unit-0021-attempt-001.stdout.log
21950007	33326	COMPOSITE	unit-0021-attempt-001.stdout.log
21950025	33326	COMPOSITE	unit-0021-attempt-001.stdout.log
21950029	33326	COMPOSITE	unit-0021-attempt-001.stdout.log
21950047	33326	COMPOSITE	unit-0021-attempt-001.stdout.log
21950065	33326	COMPOSITE	unit-0021-attempt-001.stdout.log
21950067	33326	COMPOSITE	unit-0021-attempt-001.stdout.log
21950155	33326	COMPOSITE	unit-0021-attempt-001.stdout.log
21950179	33326	COMPOSITE	unit-0021-attempt-001.stdout.log
21950193	33326	COMPOSITE	unit-0021-attempt-001.stdout.log
21950205	33326	COMPOSITE	unit-0021-attempt-001.stdout.log
21950215	33326	COMPOSITE	unit-0021-attempt-001.stdout.log
21950229	33326	COMPOSITE	unit-0021-attempt-001.stdout.log
21950235	33326	COMPOSITE	unit-0021-attempt-001.stdout.log
21950289	33326	COMPOSITE	unit-0021-attempt-001.stdout.log
21950293	33326	COMPOSITE	unit-0021-attempt-001.stdout.log
21950305	33326	COMPOSITE	unit-0021-attempt-001.stdout.log
21950307	33326	COMPOSITE	unit-0021-attempt-001.stdout.log
21950313	33326	COMPOSITE	unit-0021-attempt-001.stdout.log
21950359	33326	COMPOSITE	unit-0021-attempt-001.stdout.log
21950383	33326	COMPOSITE	unit-0021-attempt-001.stdout.log
21950389	33326	COMPOSITE	unit-0021-attempt-001.stdout.log
21950397	33326	COMPOSITE	unit-0021-attempt-001.stdout.log
21950419	33326	COMPOSITE	unit-0021-attempt-001.stdout.log
21950449	33326	COMPOSITE	unit-0021-attempt-001.stdout.log
21950485	33326	COMPOSITE	unit-0021-attempt-001.stdout.log
21950497	33326	COMPOSITE	unit-0021-attempt-001.stdout.log
21950527	33326	COMPOSITE	unit-0021-attempt-001.stdout.log
21950547	33326	COMPOSITE	unit-0021-attempt-001.stdout.log
21950553	33326	COMPOSITE	unit-0021-attempt-001.stdout.log
21950589	33326	COMPOSITE	unit-0021-attempt-001.stdout.log
21950593	33326	COMPOSITE	unit-0021-attempt-001.stdout.log
21950635	33326	COMPOSITE	unit-0021-attempt-001.stdout.log
21950665	33326	COMPOSITE	unit-0021-attempt-001.stdout.log
21950667	33326	COMPOSITE	unit-0021-attempt-001.stdout.log
21950709	33326	COMPOSITE	unit-0021-attempt-001.stdout.log
21950749	33326	COMPOSITE	unit-0021-attempt-001.stdout.log
21950767	33326	COMPOSITE	unit-0021-attempt-001.stdout.log
21950775	33326	COMPOSITE	unit-0021-attempt-001.stdout.log
21950785	33326	COMPOSITE	unit-0021-attempt-001.stdout.log
21950799	33326	COMPOSITE	unit-0021-attempt-001.stdout.log
21950809	33326	COMPOSITE	unit-0021-attempt-001.stdout.log
21950827	33326	COMPOSITE	unit-0021-attempt-001.stdout.log
21950833	33326	COMPOSITE	unit-0021-attempt-001.stdout.log
21950875	33326	COMPOSITE	unit-0021-attempt-001.stdout.log
21950877	33326	COMPOSITE	unit-0021-attempt-001.stdout.log
21950887	33326	COMPOSITE	unit-0021-attempt-001.stdout.log
21950953	33326	COMPOSITE	unit-0021-attempt-001.stdout.log
21950967	33326	COMPOSITE	unit-0021-attempt-001.stdout.log
21950973	33326	COMPOSITE	unit-0021-attempt-001.stdout.log
21950985	33326	COMPOSITE	unit-0022-attempt-001.stdout.log
21950995	33326	COMPOSITE	unit-0022-attempt-001.stdout.log
21951009	33326	COMPOSITE	unit-0022-attempt-001.stdout.log
21951027	33326	COMPOSITE	unit-0022-attempt-001.stdout.log
21951037	33326	COMPOSITE	unit-0022-attempt-001.stdout.log
21951079	33326	COMPOSITE	unit-0022-attempt-001.stdout.log
21951085	33326	COMPOSITE	unit-0022-attempt-001.stdout.log
21951087	33326	COMPOSITE	unit-0022-attempt-001.stdout.log
21951099	33326	COMPOSITE	unit-0022-attempt-001.stdout.log
21951135	33326	COMPOSITE	unit-0022-attempt-001.stdout.log
21951145	33326	COMPOSITE	unit-0022-attempt-001.stdout.log
21951169	33326	COMPOSITE	unit-0022-attempt-001.stdout.log
21951175	33326	COMPOSITE	unit-0022-attempt-001.stdout.log
21951189	33326	COMPOSITE	unit-0022-attempt-001.stdout.log
21951217	33326	COMPOSITE	unit-0022-attempt-001.stdout.log
21951219	33326	COMPOSITE	unit-0022-attempt-001.stdout.log
21951223	33326	COMPOSITE	unit-0022-attempt-001.stdout.log
21951267	33326	COMPOSITE	unit-0022-attempt-001.stdout.log
21951285	33326	COMPOSITE	unit-0022-attempt-001.stdout.log
21951295	33326	COMPOSITE	unit-0022-attempt-001.stdout.log
21951343	33326	COMPOSITE	unit-0022-attempt-001.stdout.log
21951357	33326	COMPOSITE	unit-0022-attempt-001.stdout.log
21951379	33326	COMPOSITE	unit-0022-attempt-001.stdout.log
21951385	33326	COMPOSITE	unit-0022-attempt-001.stdout.log
21951393	33326	COMPOSITE	unit-0022-attempt-001.stdout.log
21951427	33326	COMPOSITE	unit-0022-attempt-001.stdout.log
21951435	33326	COMPOSITE	unit-0022-attempt-001.stdout.log
21951453	33326	COMPOSITE	unit-0022-attempt-001.stdout.log
21951525	33326	COMPOSITE	unit-0022-attempt-001.stdout.log
21951555	33326	COMPOSITE	unit-0022-attempt-001.stdout.log
21951559	33326	COMPOSITE	unit-0022-attempt-001.stdout.log
21951589	33326	COMPOSITE	unit-0022-attempt-001.stdout.log
21951597	33326	COMPOSITE	unit-0022-attempt-001.stdout.log
21951615	33326	COMPOSITE	unit-0022-attempt-001.stdout.log
21951645	33326	COMPOSITE	unit-0022-attempt-001.stdout.log
21951657	33326	COMPOSITE	unit-0022-attempt-001.stdout.log
21951687	33326	COMPOSITE	unit-0022-attempt-001.stdout.log
21951715	33326	COMPOSITE	unit-0022-attempt-001.stdout.log
21951733	33326	COMPOSITE	unit-0022-attempt-001.stdout.log
21951783	33326	COMPOSITE	unit-0022-attempt-001.stdout.log
21951813	33326	COMPOSITE	unit-0022-attempt-001.stdout.log
21951819	33326	COMPOSITE	unit-0022-attempt-001.stdout.log
21951843	33326	COMPOSITE	unit-0022-attempt-001.stdout.log
21951849	33326	COMPOSITE	unit-0022-attempt-001.stdout.log
21951877	33326	COMPOSITE	unit-0022-attempt-001.stdout.log
21951883	33326	COMPOSITE	unit-0022-attempt-001.stdout.log
21951913	33326	COMPOSITE	unit-0022-attempt-001.stdout.log
21951979	33326	COMPOSITE	unit-0022-attempt-001.stdout.log
21951987	33326	COMPOSITE	unit-0022-attempt-001.stdout.log
21951997	33326	COMPOSITE	unit-0022-attempt-001.stdout.log
21952003	33326	COMPOSITE	unit-0022-attempt-001.stdout.log
21952029	33326	COMPOSITE	unit-0022-attempt-001.stdout.log
21952083	33326	COMPOSITE	unit-0022-attempt-001.stdout.log
21952087	33326	COMPOSITE	unit-0022-attempt-001.stdout.log
21952099	33326	COMPOSITE	unit-0022-attempt-001.stdout.log
21952105	33326	COMPOSITE	unit-0022-attempt-001.stdout.log
21952129	33326	COMPOSITE	unit-0022-attempt-001.stdout.log
21952137	33326	COMPOSITE	unit-0022-attempt-001.stdout.log
21952143	33326	COMPOSITE	unit-0022-attempt-001.stdout.log
21952179	33326	COMPOSITE	unit-0022-attempt-001.stdout.log
21952207	33326	PROVEN_PRIME	unit-0022-attempt-001.stdout.log
